11.561065,48.141113,6
11.567835,48.140705,4
11.568683,48.139156,2
11.565619,48.139942,4
11.567059,48.13788,1
11.567709,48.137764,1
11.56532,48.136707,3
11.561075,48.141174,6
11.561743,48.136337,0
11.562431,48.1394,6
11.567961,48.140533,4
11.565849,48.137882,3
11.561137,48.138313,0
11.564505,48.13738,3
11.567746,48.140434,4
11.567249,48.137844,1
11.568953,48.14086,2
11.561049,48.1409,6
11.56408,48.13738,3
11.565337,48.13818,3
11.560727,48.137405,0
11.567986,48.140297,4
11.560849,48.13955,6
11.561036,48.137493,0
11.564505,48.13738,3
11.565239,48.137314,3
11.574489,48.14083,2
11.561771,48.137394,0
11.568453,48.140118,2
11.565563,48.1399,4
11.568279,48.140152,2
11.560849,48.13955,6
11.56556,48.13669,3
11.564404,48.13738,3
11.571228,48.13751,5
11.563645,48.14029,4
11.56187,48.139397,6
11.568789,48.140804,2
11.566388,48.1379,1
11.56109,48.1379,0
11.564505,48.13738,3
11.568213,48.140175,2
11.561664,48.137394,0
11.564505,48.13738,3
11.569743,48.139893,2
11.56955,48.136234,7
11.567016,48.14031,4
11.565343,48.139763,4
11.566846,48.140358,4
11.568569,48.13761,7
11.565223,48.13726,3
11.565202,48.137127,3
11.565223,48.13726,3
11.565973,48.136597,1
11.573497,48.139847,2
11.561072,48.141026,6
11.565795,48.139946,4
11.561064,48.141106,6
11.565583,48.139915,4
11.56661,48.13706,1
11.563653,48.13738,3
11.565343,48.139763,4
11.561045,48.14088,6
11.564379,48.136326,3
11.561353,48.137398,0
11.571785,48.14031,2
11.561203,48.139057,6
11.559577,48.136345,0
11.565405,48.1379,3
11.56684,48.14035,4
11.565532,48.137905,3
11.565177,48.136974,3
11.561082,48.137836,0
11.568254,48.140633,2
11.561046,48.14088,6
11.561057,48.140945,6
11.565583,48.139915,4
11.566658,48.1367,1
11.564394,48.13738,3
11.56531,48.139774,4
11.573023,48.136055,5
11.563959,48.13933,4
11.566625,48.14013,4
11.565315,48.137478,3
11.566355,48.13657,1
11.565594,48.138832,4
11.561046,48.14088,6
11.561111,48.139305,6
11.573064,48.136024,5
11.564505,48.13738,3
11.566821,48.13835,1
11.565216,48.137215,3
11.564271,48.13738,3
11.564815,48.138317,3
11.561125,48.138184,0
11.57207,48.140205,2
11.561057,48.141064,6
11.561074,48.141045,6
11.568177,48.13768,7
11.569023,48.14089,2
11.564796,48.138325,3
11.5611,48.1413,6
11.563324,48.13633,3
11.565953,48.13956,4
11.568455,48.140705,2
11.565216,48.137215,3
11.560849,48.13955,6
11.562851,48.137386,0
11.564669,48.137,3
11.565936,48.13954,4
11.572714,48.1413,2
11.564453,48.13738,3
11.570541,48.139736,2
11.565451,48.139816,4
11.565833,48.139595,4
11.564734,48.137383,3
11.570656,48.136765,5
11.562574,48.140625,6
11.561361,48.13942,6
11.569129,48.14091,2
11.568573,48.137608,7
11.559259,48.139183,6
11.565149,48.136642,3
11.56108,48.137825,0
11.565163,48.13641,3
11.56607,48.137863,1
11.565223,48.137257,3
11.561037,48.1375,0
11.569026,48.14089,2
11.561066,48.14112,6
11.564833,48.137486,3
11.564375,48.13738,3
11.569129,48.14091,2
11.561008,48.140507,6
11.563231,48.13633,3
11.563738,48.13738,3
11.565189,48.137047,3
11.56425,48.13738,3
11.568271,48.13632,7
11.565288,48.13761,3
11.561068,48.141132,6
11.565232,48.137505,3
11.561064,48.141106,6
11.567835,48.140705,4
11.565515,48.139866,4
11.568169,48.137684,7
11.568766,48.137573,7
11.561057,48.141064,6
11.56594,48.13969,4
11.561064,48.141106,6
11.565675,48.139984,4
11.566758,48.13829,1
11.565344,48.139763,4
11.572246,48.137005,5
11.561183,48.13883,6
11.571246,48.14052,2
11.566633,48.136833,1
11.566732,48.138206,1
11.563829,48.13738,3
11.573714,48.140034,2
11.561057,48.141064,6
11.560867,48.13968,6
11.571156,48.13738,5
11.564501,48.13738,3
11.560932,48.1374,0
11.570486,48.14064,2
11.565163,48.13641,3
11.572214,48.140167,2
11.561172,48.138702,0
11.559027,48.13635,0
11.565532,48.138508,3
11.566512,48.140514,4
11.564832,48.13748,3
11.561055,48.137413,0
11.573082,48.13994,2
11.561057,48.141064,6
11.561042,48.140728,6
11.569359,48.13746,7
11.56835,48.140137,2
11.565583,48.139915,4
11.565277,48.13752,3
11.564388,48.13738,3
11.565343,48.136707,3
11.566608,48.1379,1
11.571178,48.14053,2
11.561057,48.141064,6
11.565557,48.139244,4
11.561064,48.141106,6
11.56098,48.140324,6
11.565573,48.139908,4
11.565394,48.136703,3
11.564404,48.13738,3
11.5712,48.137417,5
11.563325,48.14039,6
11.561561,48.13941,6
11.568942,48.140858,2
11.566597,48.13793,1
11.561068,48.137733,0
11.565295,48.137962,3
11.564404,48.13738,3
11.565307,48.136707,3
11.566599,48.13754,1
11.571646,48.140377,2
11.569462,48.137436,7
11.565244,48.136765,3
11.565385,48.136703,3
11.558918,48.137424,0
11.566969,48.14029,4
11.560931,48.14014,6
11.561123,48.13816,0
11.564505,48.13738,3
11.565202,48.137127,3
11.566046,48.13977,4
11.561064,48.141106,6
11.565587,48.13992,4
11.566741,48.138237,1
11.565343,48.139763,4
11.570489,48.137447,5
11.56518,48.13699,3
11.563139,48.137383,3
11.564247,48.13838,3
11.57255,48.136986,5
11.56116,48.138573,0
11.571586,48.140408,2
11.56107,48.141144,6
11.561074,48.141045,6
11.567566,48.137787,1
11.568953,48.14086,2
11.561045,48.14088,6
11.561064,48.141106,6
11.567835,48.140705,4
11.565515,48.139866,4
11.567945,48.137722,7
11.568554,48.13761,7
11.56532,48.136707,3
11.565558,48.13669,3
11.566024,48.13962,4
11.561045,48.14088,6
11.561178,48.13877,0
11.570404,48.13656,5
11.565903,48.139507,4
11.56544,48.13981,4
11.566846,48.140358,4
11.567118,48.137867,1
11.565223,48.13726,3
11.56519,48.137054,3
11.56098,48.1374,0
11.560969,48.14025,6
11.560995,48.140423,6
11.561091,48.14126,6
11.574534,48.13531,5
11.563242,48.138462,3
11.56493,48.136555,3
11.565529,48.13849,3
11.5603,48.13634,0
11.566196,48.1398,4
11.564404,48.13738,3
11.57112,48.13708,5
11.562642,48.14061,6
11.561361,48.13942,6
11.568953,48.14086,2
11.567647,48.137775,1
11.56106,48.141045,6
11.567355,48.137825,1
11.562642,48.14061,6
11.561361,48.13942,6
11.573252,48.135895,5
11.563401,48.13936,6
11.566957,48.14032,4
11.565379,48.13765,3
11.561188,48.138885,6
11.564505,48.13738,3
11.561057,48.141064,6
11.565748,48.139503,4
11.561064,48.141106,6
11.565934,48.140186,4
11.566791,48.138397,1
11.565356,48.139763,4
11.570201,48.13734,7
11.570782,48.137424,5
11.565262,48.137352,3
11.565169,48.136917,3
11.566135,48.13971,4
11.561042,48.14086,6
11.561172,48.138702,0
11.573133,48.13563,5
11.564505,48.13738,3
11.565202,48.137127,3
11.573602,48.13989,2
11.561043,48.137543,0
11.566755,48.14018,4
11.566712,48.13656,1
11.561197,48.139122,6
11.565837,48.139492,4
11.561068,48.141132,6
11.564833,48.137486,3
11.561075,48.141174,6
11.564274,48.13738,3
11.568064,48.136353,7
11.565369,48.137856,3
11.561068,48.141132,6
11.564855,48.1376,3
11.561075,48.141174,6
11.562536,48.136333,0
11.566292,48.13983,4
11.565265,48.137356,3
11.564505,48.13738,3
11.559803,48.136345,0
11.566682,48.140167,4
11.566428,48.137905,1
11.56516,48.13686,3
11.56276,48.137386,0
11.564031,48.138397,3
11.561057,48.141064,6
11.560867,48.139675,6
11.57155,48.137096,5
11.565065,48.137398,3
11.561072,48.1374,0
11.565472,48.135487,1
11.571033,48.140553,2
11.560859,48.139507,6
11.56054,48.13634,0
11.564557,48.13738,3
11.563556,48.13633,3
11.56319,48.137383,3
11.565194,48.137077,3
11.565283,48.136715,3
11.560185,48.13741,0
11.567736,48.140434,4
11.56085,48.13955,6
11.561229,48.136337,0
11.567737,48.140434,4
11.565427,48.138634,3
11.564545,48.13738,3
11.565365,48.137535,3
11.566611,48.137054,1
11.563388,48.137383,3
11.573721,48.139877,2
11.561057,48.141064,6
11.560867,48.13968,6
11.559465,48.136345,0
11.565437,48.138027,3
11.569581,48.140793,2
11.561057,48.141064,6
11.565242,48.13759,3
11.561064,48.141106,6
11.567835,48.140705,4
11.565515,48.139866,4
11.565505,48.13859,3
11.563923,48.13738,3
11.560849,48.13955,6
11.562492,48.13739,0
11.564718,48.13723,3
11.565833,48.13943,4
11.565583,48.139915,4
11.565916,48.1366,1
11.564404,48.13738,3
11.564292,48.140087,4
11.57385,48.13548,5
11.562343,48.1394,6
11.571014,48.13701,5
11.565509,48.138393,3
11.570734,48.13889,2
11.565451,48.139816,4
11.566544,48.140156,4
11.566067,48.137863,1
11.565223,48.13726,3
11.56532,48.136707,3
11.560071,48.137413,0
11.561045,48.14088,6
11.567584,48.140404,4
11.570761,48.136837,5
11.5656,48.138878,4
11.565451,48.139816,4
11.566845,48.140358,4
11.566486,48.137917,1
11.5656,48.139927,4
11.565293,48.137398,3
11.569207,48.13613,7
11.572493,48.13703,5
11.565223,48.13726,3
11.561068,48.141132,6
11.564587,48.13835,3
11.563583,48.13633,3
11.565947,48.139557,4
11.5587,48.13635,0
11.567997,48.140545,4
11.565216,48.137215,3
11.565241,48.136814,3
11.564404,48.13738,3
11.57131,48.137306,5
11.562841,48.140545,6
11.561364,48.13942,6
11.568953,48.14086,2
11.566911,48.1379,1
11.56104,48.13752,0
11.564505,48.13738,3
11.568774,48.140064,2
11.565278,48.137375,3
11.561068,48.141132,6
11.564923,48.13797,3
11.561075,48.141174,6
11.562908,48.136333,0
11.566043,48.139637,4
11.567145,48.137863,1
11.568953,48.14086,2
11.56915,48.137505,7
11.565311,48.136707,3
11.565448,48.1367,3
11.566681,48.140125,4
11.561012,48.140533,6
11.561142,48.13837,0
11.572387,48.135315,5
11.564505,48.13738,3
11.565202,48.137127,3
11.573914,48.140125,2
11.569987,48.140724,2
11.561057,48.141064,6
11.565299,48.137985,3
11.561064,48.141106,6
11.567835,48.140705,4
11.565515,48.139866,4
11.568708,48.137585,7
11.569258,48.13748,7
11.565287,48.136715,3
11.565442,48.1367,3
11.56679,48.140205,4
11.560993,48.14041,6
11.561068,48.141132,6
11.564841,48.137527,3
11.564504,48.13738,3
11.564902,48.137856,3
11.561075,48.137783,0
11.572601,48.140064,2
11.561057,48.141064,6
11.561067,48.140995,6
11.568495,48.14011,2
11.565905,48.139664,4
11.565318,48.1375,3
11.565468,48.1379,3
11.566481,48.136562,1
11.566583,48.13786,1
11.565321,48.136707,3
11.559343,48.13742,0
11.573609,48.139893,2
11.561045,48.14088,6
11.561053,48.140923,6
11.565583,48.139915,4
11.560849,48.13955,6
11.561447,48.137398,0
11.564505,48.13738,3
11.565568,48.138687,4
11.573429,48.141117,2
11.563882,48.13738,3
11.564828,48.136505,3
11.561042,48.13754,0
11.565163,48.13641,3
11.561326,48.137367,0
11.570169,48.136086,7
11.57166,48.13702,5
11.567321,48.14037,4
11.561057,48.141064,6
11.561058,48.14095,6
11.568957,48.13754,7
11.564083,48.13738,3
11.569129,48.14091,2
11.561039,48.140705,6
11.572692,48.136883,5
11.561148,48.138443,0
11.571748,48.140327,2
11.5656,48.139927,4
11.566833,48.13839,1
11.565223,48.13726,3
11.561172,48.137398,0
11.566657,48.136703,1
11.569129,48.14091,2
11.565906,48.13951,4
11.559302,48.136345,0
11.561057,48.141064,6
11.560867,48.13968,6
11.571061,48.13739,5
11.56445,48.13738,3
11.560872,48.1374,0
11.570393,48.140656,2
11.567394,48.137817,1
11.56532,48.136707,3
11.566632,48.13656,1
11.56553,48.138496,3
11.561058,48.140953,6
11.560873,48.139465,6
11.572855,48.13617,5
11.565743,48.13932,4
11.56444,48.13738,3
11.565157,48.13646,3
11.561277,48.137398,0
11.568198,48.140182,4
11.560849,48.13955,6
11.561036,48.13749,0
11.564505,48.13738,3
11.56528,48.137547,3
11.574234,48.140907,2
11.562249,48.13739,0
11.568768,48.140064,2
11.565458,48.13982,4
11.568243,48.13767,7
11.56532,48.136707,3
11.565798,48.136612,1
11.565771,48.13936,4
11.561045,48.14088,6
11.561196,48.13898,6
11.573386,48.1358,5
11.564505,48.13738,3
11.565199,48.13711,3
11.573251,48.139896,2
11.571821,48.1369,5
11.565457,48.13878,4
11.565456,48.138344,3
11.563628,48.13738,3
11.560849,48.13955,6
11.562142,48.13739,0
11.562359,48.13739,0
11.560849,48.13955,6
11.561087,48.1374,0
11.564505,48.13738,3
11.565491,48.1383,3
11.573698,48.141045,2
11.560849,48.13955,6
11.560855,48.13959,6
11.565488,48.139843,4
11.565181,48.136993,3
11.564404,48.13738,3
11.570916,48.136944,5
11.571111,48.137383,5
11.565244,48.1376,3
11.564155,48.13738,3
11.573215,48.14021,2
11.57012,48.1407,2
11.560849,48.13955,6
11.561606,48.136337,0
11.56408,48.13738,3
11.565384,48.138416,3
11.564275,48.13738,3
11.5656,48.139927,4
11.565223,48.13726,3
11.563309,48.137383,3
11.565638,48.136684,3
11.570469,48.140644,2
11.561057,48.141064,6
11.565404,48.13852,3
11.561064,48.141106,6
11.567656,48.140663,4
11.565515,48.139866,4
11.561195,48.139137,6
11.5645,48.13738,3
11.565215,48.135365,3
11.566379,48.139896,4
11.571328,48.13722,5
11.565328,48.137814,3
11.565467,48.13818,3
11.562477,48.13739,0
11.565201,48.13605,3
11.571714,48.140343,2
11.561196,48.139126,6
11.559684,48.136345,0
11.565319,48.13779,3
11.566745,48.14029,4
11.565437,48.137882,3
11.565168,48.136917,3
11.571073,48.13705,5
11.562642,48.14061,6
11.561361,48.13942,6
11.568967,48.14087,2
11.567753,48.137756,1
11.561482,48.137398,0
11.561075,48.141174,6
11.562136,48.136333,0
11.566688,48.140133,4
11.565291,48.137634,3
11.564505,48.13738,3
11.564857,48.137478,3
11.566592,48.13768,1
11.561891,48.137394,0
11.573498,48.13985,2
11.561057,48.141064,6
11.562375,48.13739,0
11.563843,48.13841,3
11.560097,48.136345,0
11.566363,48.13993,4
11.564333,48.13738,3
11.560849,48.13955,6
11.563376,48.137383,3
11.564617,48.13658,3
11.565947,48.139557,4
11.57144,48.13691,5
11.564725,48.137383,3
11.570857,48.13967,2
11.565451,48.139816,4
11.565835,48.1396,4
11.565223,48.13726,3
11.561036,48.13749,0
11.569129,48.14091,2
11.561057,48.141064,6
11.564833,48.137486,3
11.561068,48.14113,6
11.567835,48.140705,4
11.568714,48.139217,2
11.565722,48.140022,4
11.56695,48.137897,1
11.568107,48.140224,4
11.565223,48.13726,3
11.561068,48.141132,6
11.564336,48.13837,3
11.563845,48.13633,3
11.565947,48.139557,4
11.560859,48.139507,6
11.572777,48.136227,5
11.56859,48.137608,7
11.563539,48.13738,3
11.569128,48.14091,2
11.561041,48.140854,6
11.563978,48.136326,3
11.562455,48.13739,0
11.565147,48.13654,3
11.563237,48.137383,3
11.569005,48.13616,7
11.572633,48.136925,5
11.565544,48.138783,4
11.561068,48.141132,6
11.564837,48.13751,3
11.561075,48.141174,6
11.561855,48.136337,0
11.566982,48.140293,4
11.565328,48.137924,3
11.565958,48.137875,1
11.566647,48.137936,1
11.569125,48.14091,2
11.56106,48.14108,6
11.565888,48.13788,3
11.565458,48.1367,3
11.561822,48.137394,0
11.563759,48.138287,3
11.572001,48.13688,5
11.5612,48.13902,6
11.570967,48.14056,2
11.561075,48.141174,6
11.56684,48.137917,1
11.568953,48.14086,2
11.561072,48.14103,6
11.561019,48.14058,6
11.56334,48.13633,3
11.563555,48.13738,3
11.565174,48.13695,3
11.564187,48.13738,3
11.568378,48.136295,7
11.565274,48.137493,3
11.561068,48.141132,6
11.564906,48.13788,3
11.561075,48.141174,6
11.565202,48.137127,3
11.562004,48.137394,0
11.560849,48.13955,6
11.560855,48.13959,6
11.565488,48.139843,4
11.565181,48.136993,3
11.564399,48.13738,3
11.56528,48.139782,4
11.573101,48.135998,5
11.563774,48.13934,3
11.566753,48.14022,4
11.565364,48.137524,3
11.567069,48.140327,4
11.56531,48.13804,3
11.564505,48.13738,3
11.56505,48.137474,3
11.566603,48.137417,1
11.562564,48.13739,0
11.565945,48.1366,1
11.566601,48.137478,1
11.561478,48.137398,0
11.565163,48.13641,3
11.562151,48.13739,0
11.569598,48.136246,7
11.572183,48.13697,5
11.568039,48.140263,4
11.564833,48.137486,3
11.561072,48.14116,6
11.567869,48.14072,4
11.568808,48.139404,2
11.566052,48.140278,4
11.566608,48.137177,1
11.565276,48.13751,3
11.561057,48.141064,6
11.56085,48.13955,6
11.572189,48.13663,5
11.565491,48.138294,3
11.561057,48.141064,6
11.565034,48.137474,3
11.561064,48.141106,6
11.567835,48.140705,4
11.565515,48.139866,4
11.567725,48.13776,1
11.565223,48.13726,3
11.56532,48.136707,3
11.559529,48.137417,0
11.573679,48.13995,2
11.561045,48.14088,6
11.561053,48.140923,6
11.565583,48.139915,4
11.566649,48.136562,1
11.564403,48.13738,3
11.565181,48.139812,4
11.565355,48.136707,3
11.561996,48.137394,0
11.563766,48.13833,3
11.572086,48.136917,5
11.561175,48.137398,0
11.565462,48.1355,1
11.571131,48.140537,2
11.560869,48.139477,6
11.560436,48.13634,0
11.56467,48.13738,3
11.565927,48.13968,4
11.565065,48.137398,3
11.565557,48.13669,3
11.561146,48.138412,0
11.574641,48.135303,5
11.56334,48.138454,3
11.564847,48.136517,3
11.565551,48.1386,4
11.560195,48.13634,0
11.566276,48.139862,4
11.565999,48.13787,1
11.565451,48.139816,4
11.565388,48.13844,3
11.564404,48.13738,3
11.565242,48.13682,3
11.566606,48.137253,1
11.571998,48.140224,2
11.57133,48.13729,5
11.571671,48.13701,5
11.565407,48.138535,3
11.565406,48.13809,3
11.563267,48.137383,3
11.560849,48.13955,6
11.565202,48.137127,3
11.561492,48.137398,0
11.560853,48.139572,6
11.560868,48.139687,6
11.565488,48.139843,4
11.565175,48.136955,3
11.568778,48.140064,2
11.566253,48.13993,4
11.563916,48.13738,3
11.565343,48.139763,4
11.572722,48.136265,5
11.564612,48.13935,4
11.566122,48.139744,4
11.564877,48.137386,3
11.561064,48.141106,6
11.565583,48.139915,4
11.566606,48.137245,1
11.565343,48.139763,4
11.572049,48.136894,5
11.572341,48.136524,5
11.56733,48.13783,1
11.561038,48.137436,0
11.564505,48.13738,3
11.569219,48.139988,2
11.56998,48.13615,7
11.566531,48.140015,4
11.561075,48.141174,6
11.560974,48.136337,0
11.56799,48.140293,4
11.565488,48.138996,4
11.564703,48.137383,3
11.565372,48.13759,3
11.5656,48.139927,4
11.565223,48.13726,3
11.563125,48.137383,3
11.565704,48.13665,1
11.570386,48.140656,2
11.561057,48.141064,6
11.560858,48.139606,6
11.571751,48.13695,5
11.565289,48.13762,3
11.56147,48.137398,0
11.565413,48.13558,1
11.571317,48.140507,2
11.560939,48.139404,6
11.560215,48.13634,0
11.564935,48.13739,3
11.566153,48.139854,4
11.562182,48.13739,0
11.563778,48.138382,3
11.572167,48.136963,5
11.561189,48.138893,6
11.571152,48.140533,2
11.561072,48.14116,6
11.56106,48.14108,6
11.561044,48.14087,6
11.564064,48.136326,3
11.562274,48.13739,0
11.565153,48.136497,3
11.56306,48.137383,0
11.569104,48.136143,7
11.562904,48.136333,0
11.564064,48.13738,3
11.565221,48.137245,3
11.564275,48.13738,3
11.567961,48.13637,7
11.565387,48.137993,3
11.561068,48.141132,6
11.560973,48.140278,6
11.561129,48.138226,0
11.564505,48.13738,3
11.565202,48.137127,3
11.57402,48.140236,2
11.561035,48.13748,0
11.567313,48.14037,4
11.5656,48.139927,4
11.565223,48.13726,3
11.562762,48.137386,0
11.568402,48.140125,2
11.565799,48.13956,4
11.565215,48.137424,3
11.565413,48.13784,3
11.566573,48.13656,1
11.566622,48.13792,1
11.56999,48.137333,7
11.570561,48.137447,5
11.565219,48.13723,3
11.565198,48.13683,3
11.56091,48.1374,0
11.568053,48.140255,4
11.560849,48.13955,6
11.561036,48.13749,0
11.564505,48.13738,3
11.565275,48.13737,3
11.56139,48.137398,0
11.560859,48.139618,6
11.560883,48.139793,6
11.565489,48.139847,4
11.565162,48.13687,3
11.564404,48.13738,3
11.57135,48.13725,5
11.562662,48.140602,6
11.561361,48.13942,6
11.568953,48.14086,2
11.561361,48.13942,6
11.569129,48.14091,2
11.568367,48.137646,7
11.559052,48.13918,6
11.562707,48.137386,0
11.564505,48.13738,3
11.570313,48.139782,2
11.569136,48.13614,7
11.567439,48.14038,4
11.565343,48.139763,4
11.563446,48.137383,3
11.560849,48.13955,6
11.56197,48.137394,0
11.564588,48.137375,3
11.56563,48.139072,4
11.573163,48.141186,2
11.564206,48.13738,3
11.570019,48.13984,2
11.565451,48.139816,4
11.565576,48.13928,4
11.561053,48.140923,6
11.565583,48.139915,4
11.566416,48.136566,1
11.564404,48.13738,3
11.564938,48.13989,4
11.573468,48.13573,5
11.565343,48.139763,4
11.571051,48.13739,5
11.571492,48.137142,5
11.565334,48.13816,3
11.565301,48.13772,3
11.562724,48.137386,0
11.560849,48.13955,6
11.561303,48.137398,0
11.564505,48.13738,3
11.565542,48.138557,3
11.573173,48.139915,2
11.561057,48.141064,6
11.56103,48.140648,6
11.569455,48.13744,7
11.564376,48.13738,3
11.569129,48.14091,2
11.560981,48.14033,6
11.563011,48.13633,0
11.564001,48.13738,3
11.565212,48.13719,3
11.560849,48.13955,6
11.561036,48.13749,0
11.571971,48.136795,5
11.565493,48.13903,4
11.56516,48.13644,3
11.562698,48.137386,0
11.569306,48.136154,7
11.572429,48.13707,5
11.565223,48.13726,3
11.561068,48.141132,6
11.564522,48.13836,3
11.563664,48.13633,3
11.565947,48.139557,4
11.558801,48.13635,0
11.570338,48.137413,7
11.564376,48.13738,3
11.559565,48.137417,0
11.569745,48.140766,2
11.56085,48.13955,6
11.562036,48.136337,0
11.56408,48.13738,3
11.56529,48.137936,3
11.564275,48.13738,3
11.56713,48.13652,1
11.561501,48.136337,0
11.56408,48.13738,3
11.565408,48.13854,3
11.564284,48.13738,3
11.566607,48.13656,1
11.561203,48.13908,6
11.564917,48.136547,3
11.561052,48.13761,0
11.566801,48.14043,4
11.565641,48.137897,3
11.565188,48.137035,3
11.561072,48.137764,0
11.56842,48.140694,2
11.561068,48.141132,6
11.564833,48.137486,3
11.561075,48.141174,6
11.568683,48.14122,2
11.565374,48.13564,3
11.571412,48.140488,2
11.561003,48.139362,6
11.560111,48.136345,0
11.565085,48.1374,3
11.56627,48.139946,4
11.570174,48.13733,7
11.564376,48.13738,3
11.559134,48.137424,0
11.569556,48.140797,2
11.560855,48.139587,6
11.562254,48.136333,0
11.56408,48.13738,3
11.565258,48.13772,3
11.564275,48.13738,3
11.567341,48.136482,1
11.573519,48.14109,2
11.563709,48.13738,3
11.569601,48.13992,2
11.565451,48.139816,4
11.56546,48.138798,4
11.564404,48.13738,3
11.565169,48.136917,3
11.566611,48.13703,1
11.572276,48.140152,2
11.561057,48.141064,6
11.562818,48.136333,0
11.566092,48.139675,4
11.565221,48.137245,3
11.564505,48.13738,3
11.564832,48.13748,3
11.561035,48.137466,0
11.572995,48.13996,2
11.561057,48.141064,6
11.561053,48.140793,6
11.569252,48.13748,7
11.564888,48.13778,3
11.561075,48.141174,6
11.562722,48.136333,0
11.566151,48.13972,4
11.565226,48.13727,3
11.564505,48.13738,3
11.562683,48.137386,0
11.565184,48.136185,3
11.563767,48.13633,3
11.565947,48.139557,4
11.5589,48.13635,0
11.567682,48.140457,4
11.565216,48.137215,3
11.564397,48.13738,3
11.560877,48.139454,6
11.56409,48.13738,3
11.565181,48.136993,3
11.564404,48.13738,3
11.57118,48.13712,5
11.562642,48.14061,6
11.561361,48.13942,6
11.568953,48.14086,2
11.567541,48.13779,1
11.561197,48.137398,0
11.564505,48.13738,3
11.569431,48.13995,2
11.561068,48.141136,6
11.564179,48.138386,3
11.564036,48.136326,3
11.56594,48.139545,4
11.559206,48.13635,0
11.567261,48.140392,4
11.566777,48.13821,1
11.565216,48.137215,3
11.56532,48.136707,3
11.56548,48.136696,3
11.566877,48.14025,4
11.565223,48.13726,3
11.573738,48.13999,2
11.561045,48.14088,6
11.561053,48.140923,6
11.565583,48.139915,4
11.566603,48.13656,1
11.564404,48.13738,3
11.565114,48.139835,4
11.573329,48.13584,5
11.563212,48.139366,6
11.567054,48.140354,4
11.561075,48.141174,6
11.560814,48.13549,0
11.569092,48.139996,2
11.566737,48.140285,4
11.565518,48.137905,3
11.566224,48.13787,1
11.563779,48.13738,3
11.560849,48.13955,6
11.560855,48.13959,6
11.565488,48.139843,4
11.565197,48.137096,3
11.564404,48.13738,3
11.570607,48.13673,5
11.562531,48.14062,6
11.561361,48.13942,6
11.569129,48.14091,2
11.564915,48.138157,3
11.561076,48.14118,6
11.563123,48.13633,3
11.565978,48.139587,4
11.568767,48.1408,2
11.565216,48.137215,3
11.564505,48.13738,3
11.564865,48.137657,3
11.561057,48.13765,0
11.57278,48.14002,2
11.566421,48.139977,4
11.561068,48.141132,6
11.564833,48.137486,3
11.561075,48.141174,6
11.560883,48.13608,0
11.568311,48.140144,2
11.5657,48.139454,4
11.56509,48.1374,3
11.565396,48.137775,3
11.563894,48.13738,3
11.573654,48.14008,2
11.561071,48.137756,0
11.566386,48.139904,4
11.5656,48.139927,4
11.565223,48.13726,3
11.561255,48.137398,0
11.566663,48.136673,1
11.569186,48.14089,2
11.561057,48.141064,6
11.565095,48.13747,3
11.561064,48.141106,6
11.566772,48.140465,4
11.569457,48.13744,7
11.565246,48.13762,3
11.565297,48.137405,3
11.564125,48.13738,3
11.560849,48.13955,6
11.559892,48.137413,0
11.573803,48.140038,2
11.561045,48.14088,6
11.561053,48.140923,6
11.565583,48.139915,4
11.566505,48.136562,1
11.564404,48.13738,3
11.565033,48.13986,4
11.573405,48.135788,5
11.563024,48.139378,6
11.565448,48.1367,3
11.566564,48.14004,4
11.561027,48.140633,6
11.561148,48.13843,0
11.572546,48.13536,5
11.564505,48.13738,3
11.568382,48.137646,7
11.563408,48.137383,3
11.565733,48.136646,1
11.566604,48.13733,1
11.565033,48.137394,3
11.561057,48.141064,6
11.56085,48.13955,6
11.572041,48.13674,5
11.565444,48.13806,3
11.562261,48.13739,0
11.565244,48.13592,3
11.571642,48.14038,2
11.564505,48.13738,3
11.565316,48.137783,3
11.57407,48.14095,2
11.562617,48.137386,0
11.568974,48.14003,2
11.565451,48.139816,4
11.566774,48.140194,4
11.571147,48.137096,5
11.565462,48.138153,3
11.57081,48.139027,2
11.565451,48.139816,4
11.56634,48.14,4
11.565853,48.137882,3
11.565223,48.13726,3
11.56532,48.136707,3
11.55971,48.137417,0
11.565052,48.135635,3
11.566163,48.139732,4
11.571461,48.13721,5
11.565289,48.137615,3
11.571001,48.139366,2
11.565451,48.139816,4
11.560873,48.139725,6
11.561097,48.13796,0
11.564505,48.13738,3
11.565202,48.137127,3
11.574216,48.140438,2
11.561076,48.137405,0
11.567819,48.14041,4
11.5656,48.139927,4
11.565225,48.137268,3
11.563493,48.137383,3
11.566841,48.14038,4
11.569151,48.137505,7
11.565302,48.137424,3
11.565221,48.137245,3
11.5636,48.13738,3
11.560849,48.13955,6
11.560855,48.13959,6
11.565488,48.139843,4
11.565192,48.137066,3
11.564404,48.13738,3
11.561071,48.137756,0
11.565163,48.13641,3
11.561088,48.1374,0
11.572766,48.140022,2
11.561057,48.141064,6
11.566642,48.14054,4
11.561064,48.141106,6
11.565583,48.139915,4
11.566595,48.137608,1
11.565343,48.139763,4
11.571522,48.13712,5
11.571897,48.13685,5
11.565475,48.138905,4
11.574416,48.140858,2
11.561919,48.137394,0
11.568561,48.1401,2
11.565534,48.139877,4
11.565296,48.137672,3
11.564403,48.13738,3
11.56532,48.136707,3
11.566588,48.13776,1
11.571379,48.140495,2
11.561057,48.141064,6
11.560855,48.13959,6
11.565488,48.139843,4
11.565182,48.137005,3
11.564404,48.13738,3
11.570812,48.13687,5
11.562642,48.14061,6
11.565471,48.138874,4
11.564636,48.13738,3
11.565368,48.13756,3
11.566617,48.136906,1
11.566755,48.138283,1
11.563716,48.13738,3
11.573757,48.13998,2
11.561079,48.141193,6
11.563212,48.13633,3
11.566675,48.136585,1
11.564401,48.13738,3
11.565235,48.139797,4
11.573178,48.135944,5
11.563589,48.139347,3
11.566873,48.14028,4
11.565371,48.137585,3
11.561196,48.138973,6
11.564504,48.13738,3
11.566637,48.140095,4
11.561068,48.141132,6
11.564833,48.137486,3
11.561075,48.141174,6
11.560908,48.13629,0
11.568062,48.14025,4
11.565509,48.13911,4
11.564783,48.137383,3
11.565376,48.137623,3
11.566647,48.136757,1
11.566709,48.138134,1
11.568053,48.137703,7
11.565223,48.13726,3
11.565053,48.137398,3
11.565223,48.13726,3
11.56618,48.13658,1
11.573436,48.139847,2
11.561057,48.141064,6
11.566004,48.140106,4
11.561064,48.141106,6
11.565583,48.139915,4
11.566608,48.137184,1
11.565343,48.139763,4
11.561038,48.13744,0
11.564505,48.13738,3
11.565465,48.13817,3
11.573787,48.14102,2
11.563163,48.137383,3
11.569287,48.139977,2
11.56532,48.13809,3
11.561064,48.141106,6
11.567835,48.140705,4
11.565515,48.139866,4
11.568817,48.137566,7
11.569361,48.13746,7
11.565261,48.13673,3
11.565422,48.1367,3
11.558734,48.13743,0
11.566892,48.14026,4
11.561184,48.138844,6
11.566159,48.13977,4
11.565583,48.139915,4
11.565483,48.136696,3
11.564404,48.13738,3
11.571211,48.13746,5
11.563484,48.14034,6
11.561722,48.1394,6
11.568888,48.14084,2
11.566495,48.137917,1
11.561079,48.13782,0
11.564505,48.13738,3
11.564505,48.13738,3
11.569641,48.13991,2
11.56964,48.13625,7
11.566967,48.14029,4
11.565343,48.139763,4
11.566846,48.140358,4
11.568464,48.13763,7
11.565223,48.13726,3
11.565202,48.137127,3
11.562325,48.13739,0
11.57082,48.136875,5
11.565582,48.138756,4
11.565451,48.139816,4
11.566827,48.14034,4
11.566382,48.1379,1
11.565223,48.13726,3
11.565263,48.13673,3
11.560614,48.137405,0
11.561045,48.14088,6
11.561053,48.140923,6
11.5656,48.13993,4
11.566788,48.13825,1
11.565223,48.13726,3
11.561051,48.137417,0
11.56665,48.13674,1
11.569129,48.14091,2
11.564469,48.13738,3
11.564915,48.13816,3
11.561109,48.13805,0
11.572245,48.14016,2
11.561057,48.141064,6
11.561074,48.141045,6
11.565163,48.13641,3
11.561234,48.13737,0
11.570238,48.136063,7
11.571591,48.13707,5
11.567139,48.140347,4
11.565223,48.13726,3
11.561085,48.141224,6
11.563698,48.13842,3
11.564575,48.136375,3
11.565623,48.139038,4
11.564375,48.13738,3
11.569129,48.14091,2
11.560995,48.140423,6
11.56312,48.13633,3
11.563888,48.13738,3
11.565202,48.137127,3
11.564273,48.13738,3
11.568165,48.136337,7
11.565303,48.137737,3
11.561068,48.141132,6
11.564869,48.13768,3
11.565534,48.13852,3
11.563112,48.137383,3
11.565167,48.136364,3
11.571948,48.14024,2
11.561191,48.138916,6
11.559356,48.136345,0
11.564832,48.137478,3
11.566586,48.137806,1
11.561235,48.137398,0
11.573265,48.139893,2
11.561057,48.141064,6
11.561018,48.14057,6
11.569559,48.137417,7
11.564376,48.13738,3
11.569129,48.14091,2
11.560966,48.14023,6
11.563911,48.13738,3
11.564721,48.136173,3
11.567611,48.140408,4
11.565403,48.13851,3
11.564519,48.13738,3
11.565323,48.13754,3
11.566609,48.137127,1
11.563228,48.137383,3
11.566077,48.13659,1
11.573496,48.139847,2
11.561057,48.141064,6
11.565902,48.14003,4
11.561064,48.141106,6
11.565583,48.139915,4
11.572188,48.140175,2
11.561057,48.141064,6
11.566563,48.140167,4
11.561064,48.141106,6
11.565583,48.139915,4
11.566648,48.13796,1
11.56111,48.138058,0
11.564505,48.13738,3
11.56803,48.140266,4
11.570501,48.136654,5
11.565759,48.139343,4
11.565451,48.139816,4
11.566846,48.140358,4
11.566907,48.137905,1
11.565223,48.13726,3
11.565166,48.1369,3
11.5656,48.139927,4
11.565223,48.13726,3
11.561464,48.137398,0
11.566675,48.13659,1
11.569393,48.14082,2
11.561057,48.141064,6
11.565225,48.137466,3
11.561185,48.1392,6
11.559791,48.136345,0
11.565295,48.13767,3
11.566631,48.140217,4
11.565401,48.137802,3
11.565161,48.13687,3
11.563929,48.138405,3
11.572331,48.13705,5
11.561177,48.138767,0
11.571347,48.1405,2
11.561072,48.141155,6
11.561057,48.141064,6
11.56555,48.13989,4
11.56717,48.13786,1
11.567817,48.137745,1
11.56532,48.136707,3
11.566243,48.136578,1
11.56561,48.138943,4
11.561068,48.141132,6
11.564833,48.137486,3
11.561075,48.141174,6
11.569027,48.13983,2
11.566722,48.140507,4
11.565846,48.137882,3
11.566538,48.137924,1
11.565447,48.1367,3
11.566609,48.137108,1
11.56529,48.137623,3
11.565897,48.139557,4
11.561068,48.141132,6
11.564833,48.137486,3
11.561075,48.141174,6
11.561126,48.13634,0
11.567854,48.140396,4
11.565452,48.138756,4
11.564586,48.13738,3
11.565366,48.137543,3
11.566612,48.13698,1
11.566993,48.14033,4
11.561068,48.141132,6
11.564833,48.137486,3
11.561075,48.141174,6
11.560844,48.135757,0
11.565934,48.13954,4
11.561045,48.14088,6
11.561184,48.138844,6
11.573322,48.135723,5
11.564505,48.13738,3
11.565202,48.137127,3
11.56624,48.139923,4
11.561064,48.141106,6
11.565583,48.139915,4
11.5667,48.138103,1
11.565343,48.139763,4
11.570714,48.137432,5
11.564319,48.13738,3
11.560849,48.13955,6
11.560855,48.13959,6
11.565488,48.139843,4
11.565251,48.137337,3
11.564404,48.13738,3
11.570413,48.13657,5
11.562361,48.140465,6
11.561361,48.13942,6
11.569129,48.14091,2
11.563702,48.13738,3
11.564505,48.13738,3
11.570856,48.139675,2
11.568683,48.13623,7
11.567996,48.14029,4
11.565343,48.139763,4
11.566735,48.140503,4
11.56956,48.137417,7
11.565256,48.1377,3
11.565272,48.13748,3
11.572898,48.141254,2
11.564328,48.13738,3
11.570331,48.13978,2
11.565451,48.139816,4
11.565796,48.139557,4
11.564584,48.13738,3
11.564483,48.136333,3
11.561237,48.137398,0
11.565163,48.13641,3
11.573498,48.13985,2
11.561057,48.141064,6
11.560874,48.139732,6
11.565223,48.13726,3
11.561035,48.137447,0
11.566648,48.13675,1
11.569129,48.14091,2
11.561057,48.141064,6
11.564833,48.137486,3
11.561064,48.141106,6
11.567835,48.140705,4
11.565515,48.139866,4
11.567388,48.137817,1
11.568029,48.137707,7
11.565223,48.137257,3
11.566655,48.136566,1
11.572933,48.139977,2
11.561057,48.141064,6
11.566449,48.14047,4
11.561064,48.141106,6
11.566217,48.13977,4
11.565239,48.137314,3
11.564505,48.13738,3
11.564832,48.137478,3
11.566585,48.137814,1
11.561126,48.137398,0
11.561075,48.141174,6
11.568144,48.140865,2
11.565223,48.13726,3
11.566491,48.136562,1
11.573117,48.13993,2
11.561057,48.141064,6
11.566312,48.140347,4
11.561064,48.141106,6
11.565583,48.139915,4
11.566604,48.137367,1
11.565343,48.139763,4
11.571847,48.136906,5
11.561846,48.137394,0
11.565326,48.13571,3
11.571867,48.14027,2
11.561197,48.13899,6
11.566604,48.137344,1
11.562733,48.137386,0
11.573498,48.13985,2
11.561057,48.141064,6
11.560869,48.13969,6
11.570428,48.13744,5
11.565223,48.13726,3
11.561036,48.13749,0
11.561057,48.141064,6
11.561003,48.140476,6
11.569662,48.137394,7
11.564376,48.13738,3
11.569158,48.1409,2
11.560928,48.140125,6
11.562797,48.136333,0
11.564074,48.13738,3
11.565236,48.137306,3
11.564275,48.13738,3
11.560855,48.13959,6
11.565488,48.139843,4
11.565216,48.137215,3
11.564404,48.13738,3
11.570498,48.136654,5
11.56244,48.140568,6
11.561361,48.13942,6
11.569129,48.14091,2
11.568889,48.13755,7
11.55958,48.13919,6
11.564886,48.137478,3
11.566595,48.137623,1
11.56206,48.137394,0
11.573498,48.13985,2
11.561057,48.141064,6
11.560916,48.140038,6
11.570076,48.137318,7
11.57372,48.13998,2
11.561036,48.13749,0
11.566968,48.14029,4
11.5656,48.139927,4
11.565223,48.13726,3
11.561873,48.137394,0
11.561068,48.141132,6
11.564833,48.137486,3
11.561075,48.141174,6
11.568433,48.14105,2
11.568935,48.139652,2
11.566489,48.140503,4
11.566183,48.137867,1
11.566863,48.137913,1
11.56532,48.136707,3
11.566624,48.136875,1
11.565421,48.137943,3
11.565264,48.137356,3
11.564033,48.13738,3
11.565443,48.1367,3
11.566698,48.1381,1
11.570853,48.14058,2
11.561057,48.141064,6
11.565478,48.138927,4
11.561064,48.141106,6
11.566904,48.140556,4
11.565515,48.139866,4
11.565202,48.137127,3
11.561212,48.137398,0
11.56089,48.139847,6
11.560911,48.14,6
11.565507,48.13986,4
11.574067,48.140285,2
11.561035,48.13747,0
11.56742,48.14038,4
11.5656,48.139927,4
11.565223,48.13726,3
11.562945,48.137386,0
11.565808,48.136612,1
11.570297,48.14067,2
11.561057,48.141064,6
11.56536,48.138294,3
11.564708,48.136444,3
11.565592,48.13882,4
11.559998,48.136345,0
11.566457,48.140003,4
11.566214,48.13787,1
11.56524,48.1368,3
11.568276,48.137665,7
11.568872,48.137554,7
11.56532,48.136707,3
11.56545,48.1367,3
11.566348,48.139874,4
11.561051,48.14078,6
11.56116,48.138565,0
11.57285,48.135494,5
11.564505,48.13738,3
11.565202,48.137127,3
11.560849,48.13955,6
11.561282,48.136337,0
11.564099,48.13738,3
11.565457,48.138783,4
11.564337,48.13738,3
11.566387,48.136566,1
11.561196,48.138973,6
11.565938,48.1396,4
11.561068,48.141132,6
11.564833,48.137486,3
11.566615,48.14054,4
11.565964,48.137875,1
11.56522,48.13724,3
11.565147,48.13678,3
11.563909,48.13738,3
11.568586,48.136253,7
11.565234,48.1373,3
11.561068,48.141132,6
11.564942,48.13807,3
11.561075,48.141174,6
11.563017,48.13633,0
11.566005,48.13961,4
11.568926,48.140854,2
11.564505,48.13738,3
11.569861,48.13987,2
11.569462,48.13621,7
11.567074,48.140327,4
11.565343,48.139763,4
11.566846,48.140358,4
11.568675,48.137592,7
11.565225,48.137268,3
11.565202,48.137127,3
11.562686,48.137386,0
11.572562,48.13698,5
11.565223,48.13726,3
11.561068,48.141132,6
11.56464,48.138348,3
11.563483,48.13633,3
11.565947,48.139557,4
11.561074,48.141045,6
11.568071,48.1377,7
11.56898,48.140873,2
11.561045,48.14088,6
11.564286,48.136326,3
11.561614,48.137398,0
11.565163,48.13641,3
11.562331,48.13739,0
11.569498,48.136223,7
11.572269,48.137016,5
11.568996,48.139774,2
11.566655,48.140537,4
11.564376,48.13738,3
11.558915,48.137424,0
11.56946,48.14081,2
11.560865,48.139664,6
11.562365,48.136333,0
11.56408,48.13738,3
11.565289,48.137615,3
11.564275,48.13738,3
11.567443,48.136463,1
11.565517,48.13865,4
11.570692,48.136787,5
11.565617,48.138996,4
11.565451,48.139816,4
11.566846,48.140358,4
11.566589,48.13793,1
11.565223,48.13726,3
11.56524,48.1368,3
11.560878,48.1374,0
11.56105,48.140774,6
11.56105,48.140903,6
11.571533,48.13711,5
11.566986,48.140297,4
11.565223,48.13726,3
11.565618,48.139168,4
11.561068,48.141132,6
11.564833,48.137486,3
11.561075,48.141174,6
11.561549,48.136337,0
11.567298,48.14037,4
11.564275,48.13738,3
11.566819,48.13656,1
11.561193,48.139153,6
11.565749,48.139393,4
11.561068,48.141132,6
11.564833,48.137486,3
11.564722,48.13834,3
11.561131,48.13825,0
11.561603,48.137398,0
11.56085,48.139553,6
11.560862,48.13964,6
11.565488,48.139843,4
11.565178,48.136974,3
11.564404,48.13738,3
11.571287,48.13719,5
11.562642,48.14061,6
11.561361,48.13942,6
11.568953,48.14086,2
11.560849,48.13955,6
11.561824,48.136337,0
11.566126,48.139748,4
11.565783,48.137886,3
11.565556,48.13669,3
11.56166,48.137398,0
11.563753,48.13825,3
11.571898,48.13689,5
11.561203,48.13908,6
11.570879,48.140575,2
11.561078,48.14119,6
11.56673,48.13793,1
11.568953,48.14086,2
11.561073,48.141026,6
11.565268,48.136673,3
11.561099,48.137966,0
11.565163,48.13641,3
11.560961,48.1374,0
11.570413,48.136,5
11.571314,48.137306,5
11.566534,48.14002,4
11.565223,48.13726,3
11.56257,48.1394,6
11.567615,48.14044,4
11.565635,48.137897,3
11.561151,48.138474,0
11.564505,48.13738,3
11.567386,48.140377,4
11.568492,48.137623,7
11.563462,48.137383,3
11.569127,48.14091,2
11.565556,48.13863,4
11.56643,48.140453,4
11.566176,48.137867,1
11.565223,48.137257,3
11.561036,48.13749,0
11.569117,48.14091,2
11.565958,48.13957,4
11.571608,48.137024,5
11.565084,48.1374,3
11.571121,48.139606,2
11.565451,48.139816,4
11.565851,48.139614,4
11.565202,48.137127,3
11.573854,48.14007,2
11.561036,48.13749,0
11.56707,48.140327,4
11.5656,48.139927,4
11.565223,48.13726,3
11.565286,48.137592,3
11.564402,48.13738,3
11.565325,48.136707,3
11.566584,48.137833,1
11.571284,48.14051,2
11.561057,48.141064,6
11.56561,48.139336,4
11.561064,48.141106,6
11.566204,48.14035,4
11.565439,48.13981,4
11.565357,48.138283,3
11.564505,48.13738,3
11.565222,48.137466,3
11.566606,48.13727,1
11.562892,48.137386,0
11.573522,48.13985,2
11.563111,48.137383,3
11.564505,48.13738,3
11.57052,48.13974,2
11.568957,48.136173,7
11.567717,48.14043,4
11.565343,48.139763,4
11.566823,48.140404,4
11.569257,48.13748,7
11.565273,48.13748,3
11.565232,48.13729,3
11.570342,48.136024,7
11.571483,48.13715,5
11.56808,48.14024,4
11.565343,48.139763,4
11.566669,48.14053,4
11.56966,48.137394,7
11.565267,48.137787,3
11.565282,48.13756,3
11.569813,48.1362,7
11.566755,48.14018,4
11.565343,48.139763,4
11.566846,48.140358,4
11.568257,48.137665,7
11.565223,48.13726,3
11.558706,48.13743,0
11.569374,48.140823,2
11.56088,48.13977,6
11.562474,48.136333,0
11.56408,48.13738,3
11.565278,48.137524,3
11.564275,48.13738,3
11.567545,48.136448,1
11.565489,48.13851,3
11.561068,48.141132,6
11.562837,48.139385,6
11.567308,48.140396,4
11.565437,48.137882,3
11.561166,48.13864,0
11.564505,48.13738,3
11.56708,48.14033,4
11.570943,48.136963,5
11.565533,48.138515,3
11.565451,48.139816,4
11.566662,48.14024,4
11.565223,48.13726,3
11.56532,48.136707,3
11.564275,48.13738,3
11.566925,48.136555,1
11.56119,48.139175,6
11.56567,48.139282,4
11.561068,48.141132,6
11.564833,48.137486,3
11.561075,48.141174,6
11.561435,48.136337,0
11.567443,48.14038,4
11.56538,48.138397,3
11.564505,48.13738,3
11.561036,48.13749,0
11.56722,48.140358,4
11.5656,48.139927,4
11.565223,48.13726,3
11.562581,48.13739,0
11.566018,48.136593,1
11.567458,48.14041,4
11.565529,48.137905,3
11.561159,48.138557,0
11.564505,48.13738,3
11.56722,48.140358,4
11.570881,48.136917,5
11.565557,48.138634,4
11.565451,48.139816,4
11.566765,48.140297,4
11.566276,48.137882,1
11.564888,48.13825,3
11.561118,48.138115,0
11.572158,48.140182,2
11.561057,48.141064,6
11.561074,48.141045,6
11.568273,48.137665,7
11.563386,48.137383,3
11.569085,48.140907,2
11.561045,48.14088,6
11.564201,48.136326,3
11.561918,48.137394,0
11.56514,48.136593,3
11.563404,48.137383,3
11.5689,48.136185,7
11.572708,48.136868,5
11.565223,48.13726,3
11.561068,48.141132,6
11.560849,48.13955,6
11.561042,48.13754,0
11.564505,48.13738,3
11.565223,48.13726,3
11.574506,48.140778,2
11.561636,48.137398,0
11.564833,48.137486,3
11.561075,48.141174,6
11.560821,48.13555,0
11.569038,48.14002,2
11.566609,48.1402,4
11.565429,48.137875,3
11.561058,48.14095,6
11.565002,48.13659,3
11.561062,48.137688,0
11.565163,48.13641,3
11.561157,48.137398,0
11.570295,48.136044,7
11.565281,48.13755,3
11.564505,48.13738,3
11.564839,48.137478,3
11.56659,48.137726,1
11.561718,48.137394,0
11.573491,48.139847,2
11.561057,48.141064,6
11.560973,48.140274,6
11.569867,48.137352,7
11.564376,48.13738,3
11.565522,48.13915,4
11.561064,48.141106,6
11.566537,48.140488,4
11.565496,48.13985,4
11.569766,48.13737,7
11.570352,48.13742,7
11.565204,48.13714,3
11.565245,48.136765,3
11.560549,48.137405,0
11.567921,48.14035,4
11.565223,48.13726,3
11.561083,48.141216,6
11.563927,48.138405,3
11.564322,48.136326,3
11.565765,48.13935,4
11.5595,48.136345,0
11.565278,48.13753,3
11.566607,48.137203,1
11.563056,48.137383,0
11.573564,48.13985,2
11.561057,48.141064,6
11.560867,48.13968,6
11.566943,48.140312,4
11.561068,48.141132,6
11.564833,48.137486,3
11.561075,48.141174,6
11.560851,48.13581,0
11.568683,48.14008,2
11.561064,48.141106,6
11.567835,48.140705,4
11.565515,48.139866,4
11.567501,48.1378,1
11.568137,48.137688,7
11.56532,48.136707,3
11.565907,48.1366,1
11.565707,48.139267,4
11.561045,48.14088,6
11.561202,48.139046,6
11.56216,48.13739,0
11.560849,48.13955,6
11.560855,48.13959,6
11.565488,48.139843,4
11.565181,48.136993,3
11.564404,48.13738,3
11.561071,48.14102,6
11.56085,48.139534,6
11.572705,48.136276,5
11.565638,48.139103,4
11.564151,48.13738,3
11.565163,48.13641,3
11.560848,48.13954,6
11.560755,48.13634,0
11.564362,48.13738,3
11.56563,48.139362,4
11.564698,48.137383,3
11.565848,48.13661,1
11.565531,48.138718,4
11.564028,48.13738,3
11.560849,48.13955,6
11.562676,48.137386,0
11.564696,48.137123,3
11.5659,48.139503,4
11.57281,48.141277,2
11.564385,48.13738,3
11.570434,48.13976,2
11.565451,48.139816,4
11.569654,48.14078,2
11.56085,48.139553,6
11.562148,48.136333,0
11.56408,48.13738,3
11.565273,48.137825,3
11.564275,48.13738,3
11.567234,48.1365,1
11.565562,48.138912,4
11.561068,48.141132,6
11.564834,48.137493,3
11.561106,48.138023,0
11.564505,48.13738,3
11.565202,48.137127,3
11.574165,48.140385,2
11.561042,48.13743,0
11.567683,48.140427,4
11.565343,48.139763,4
11.566846,48.140358,4
11.565151,48.13651,3
11.572652,48.140053,2
11.561139,48.138336,0
11.565641,48.13911,4
11.565928,48.14018,4
11.566599,48.137936,1
11.566608,48.137177,1
11.572095,48.1402,2
11.561057,48.141064,6
11.566447,48.140083,4
11.561064,48.141106,6
11.565583,48.139915,4
11.561057,48.141064,6
11.560867,48.13968,6
11.565439,48.138252,3
11.561068,48.141132,6
11.564847,48.13756,3
11.561075,48.141174,6
11.562248,48.136333,0
11.566575,48.14005,4
11.569906,48.136173,7
11.57191,48.136887,5
11.567807,48.14042,4
11.565223,48.13726,3
11.561075,48.141174,6
11.564002,48.138397,3
11.564228,48.136326,3
11.565846,48.139446,4
11.559401,48.136345,0
11.567052,48.140354,4
11.566732,48.13807,1
11.563918,48.13738,3
11.569129,48.14091,2
11.561047,48.14076,6
11.563665,48.13633,3
11.563005,48.137386,0
11.565139,48.13671,3
11.563742,48.13738,3
11.568691,48.13623,7
11.565223,48.13726,3
11.561068,48.141132,6
11.565223,48.13726,3
11.561068,48.141132,6
11.564262,48.13838,3
11.563952,48.136326,3
11.565947,48.139557,4
11.559104,48.13635,0
11.567394,48.140408,4
11.566799,48.138283,1
11.565216,48.137215,3
11.564091,48.13738,3
11.565451,48.139816,4
11.565835,48.1396,4
11.564828,48.137383,3
11.565223,48.13726,3
11.566392,48.136566,1
11.573226,48.1399,2
11.565382,48.137962,3
11.56309,48.137383,3
11.560849,48.13955,6
11.561618,48.137398,0
11.564505,48.13738,3
11.565593,48.13882,4
11.564505,48.13738,3
11.565309,48.137447,3
11.574323,48.140884,2
11.56208,48.137394,0
11.568663,48.140083,2
11.5655,48.13985,4
11.565265,48.137764,3
11.564404,48.13738,3
11.56532,48.136707,3
11.566592,48.137688,1
11.571455,48.14046,2
11.571261,48.137615,5
11.563967,48.14019,4
11.574042,48.135403,5
11.562135,48.139397,6
11.568469,48.14071,2
11.566173,48.137867,1
11.573345,48.141136,2
11.564043,48.13738,3
11.569814,48.139877,2
11.565451,48.139816,4
11.565494,48.139038,4
11.564404,48.13738,3
11.56519,48.13705,3
11.564795,48.13604,3
11.56598,48.139587,4
11.571616,48.13708,5
11.565175,48.137417,3
11.571108,48.139553,2
11.573764,48.139923,2
11.561057,48.141064,6
11.560867,48.13968,6
11.57095,48.137405,5
11.564409,48.13738,3
11.560764,48.1374,0
11.565207,48.13716,3
11.561821,48.137394,0
11.568461,48.140118,2
11.560849,48.13955,6
11.561036,48.13749,0
11.565369,48.137566,3
11.565255,48.136738,3
11.561127,48.138203,0
11.567315,48.1404,4
11.561068,48.141132,6
11.564833,48.137486,3
11.561075,48.141174,6
11.560828,48.13562,0
11.56897,48.14003,2
11.566489,48.140114,4
11.570178,48.136288,7
11.566172,48.139736,4
11.565343,48.139763,4
11.566846,48.140358,4
11.567631,48.137775,1
11.565223,48.13726,3
11.563342,48.137383,3
11.569395,48.139957,2
11.565451,48.139816,4
11.565412,48.138557,3
11.564404,48.13738,3
11.565201,48.13685,3
11.570974,48.136982,5
11.562642,48.14061,6
11.561361,48.13942,6
11.569029,48.140892,2
11.567958,48.13772,7
11.561873,48.137394,0
11.570848,48.137417,5
11.564388,48.13738,3
11.560612,48.137405,0
11.566022,48.139755,4
11.565365,48.137535,3
11.565572,48.1379,3
11.566379,48.136566,1
11.566587,48.137783,1
11.564244,48.13738,3
11.561057,48.141064,6
11.560864,48.13966,6
11.571601,48.137062,5
11.565196,48.13742,3
11.561361,48.13942,6
11.569122,48.14091,2
11.568166,48.137684,7
11.558843,48.13917,6
11.562284,48.13739,0
11.564505,48.13738,3
11.56532,48.136707,3
11.56602,48.136593,1
11.565659,48.13916,4
11.561045,48.14088,6
11.561198,48.13912,6
11.561054,48.14083,6
11.563881,48.136326,3
11.56264,48.137386,0
11.561361,48.13942,6
11.569128,48.14091,2
11.568266,48.137665,7
11.55895,48.139175,6
11.562492,48.13739,0
11.564505,48.13738,3
11.561057,48.141064,6
11.560867,48.13968,6
11.560935,48.140156,6
11.569972,48.137337,7
11.564376,48.13738,3
11.565223,48.13726,3
11.565289,48.136715,3
11.560435,48.13741,0
11.561045,48.14088,6
11.561053,48.140923,6
11.565583,48.139915,4
11.566237,48.136578,1
11.564404,48.13738,3
11.564714,48.139957,4
11.573604,48.13562,5
11.561203,48.139053,6
11.564504,48.13738,3
11.566501,48.139996,4
11.571275,48.137184,5
11.56541,48.137913,3
11.570887,48.139164,2
11.565451,48.139816,4
11.566171,48.13987,4
11.565641,48.137897,3
11.565223,48.13726,3
11.565552,48.13669,3
11.566764,48.138313,1
11.570567,48.14063,2
11.561057,48.141064,6
11.565423,48.138615,3
11.561064,48.141106,6
11.565218,48.137226,3
11.564505,48.13738,3
11.564837,48.13751,3
11.56104,48.13752,0
11.572908,48.139984,2
11.561057,48.141064,6
11.56104,48.140846,6
11.56915,48.137505,7
11.564332,48.13738,3
11.569129,48.14091,2
11.565317,48.138077,3
11.564404,48.13738,3
11.565281,48.13672,3
11.566601,48.137466,1
11.57172,48.140343,2
11.561057,48.141064,6
11.565216,48.137215,3
11.564505,48.13738,3
11.564848,48.137566,3
11.561048,48.13758,0
11.57283,48.140003,2
11.561057,48.141064,6
11.56105,48.140903,6
11.569049,48.137524,7
11.564236,48.13738,3
11.569129,48.14091,2
11.56561,48.138947,4
11.57325,48.141163,2
11.564152,48.13738,3
11.569917,48.13986,2
11.565451,48.139816,4
11.565526,48.13916,4
11.564416,48.13738,3
11.565202,48.13713,3
11.566636,48.13681,1
11.572598,48.140064,2
11.565442,48.13805,3
11.561057,48.14105,6
11.560849,48.13955,6
11.572562,48.13637,5
11.565599,48.138866,4
11.563743,48.13738,3
11.573637,48.13986,2
11.561057,48.141064,6
11.560867,48.13968,6
11.57074,48.13743,5
11.564376,48.13738,3
11.560401,48.13741,0
11.561058,48.14107,6
11.561074,48.141045,6
11.567768,48.137753,1
11.565309,48.136707,3
11.560252,48.13741,0
11.561045,48.14088,6
11.561053,48.140923,6
11.565583,48.139915,4
11.566314,48.136574,1
11.564404,48.13738,3
11.564831,48.13992,4
11.573533,48.135674,5
11.562678,48.139393,6
11.573443,48.139847,2
11.561057,48.141064,6
11.560988,48.14038,6
11.569767,48.13737,7
11.564376,48.13738,3
11.569205,48.140877,2
11.560002,48.137413,0
11.567601,48.140408,4
11.56085,48.139553,6
11.56107,48.137753,0
11.564505,48.13738,3
11.565206,48.13715,3
11.574378,48.14061,2
11.561307,48.137398,0
11.568073,48.140244,4
11.5656,48.139927,4
11.565815,48.139576,4
11.564933,48.13739,3
11.565661,48.13668,1
11.561153,48.13849,0
11.566805,48.14025,4
11.561068,48.141132,6
11.564833,48.137486,3
11.561075,48.141174,6
11.560859,48.135883,0
11.568591,48.140095,2
11.565387,48.13771,3
11.565903,48.13788,3
11.566051,48.136593,1
11.566598,48.13755,1
11.564576,48.13738,3
11.561057,48.141064,6
11.560853,48.139572,6
11.57182,48.1369,5
11.565302,48.137726,3
11.561648,48.137398,0
11.564442,48.13738,3
11.565215,48.137207,3
11.56665,48.136738,1
11.572679,48.140045,2
11.561057,48.141064,6
11.566742,48.1405,4
11.561064,48.141106,6
11.565583,48.139915,4
11.566592,48.137672,1
11.565343,48.139763,4
11.571456,48.13717,5
11.568347,48.13765,7
11.56532,48.136707,3
11.565689,48.13665,1
11.565848,48.13945,4
11.561045,48.14088,6
11.56119,48.13891,6
11.573383,48.135757,5
11.564505,48.13738,3
11.565202,48.137123,3
11.573337,48.139874,2
11.572872,48.136158,5
11.56431,48.139355,4
11.566372,48.13994,4
11.565079,48.137398,3
11.561122,48.139294,6
11.564475,48.13738,3
11.56103,48.140648,6
11.563447,48.13633,3
11.563369,48.137383,3
11.56516,48.13686,3
11.564072,48.13738,3
11.568482,48.136272,7
11.560325,48.13634,0
11.564796,48.137383,3
11.566041,48.13977,4
11.565201,48.13742,3
11.565453,48.1367,3
11.56114,48.138344,0
11.566878,48.14025,4
11.5656,48.139927,4
11.565223,48.13726,3
11.561723,48.137394,0
11.566537,48.136562,1
11.561101,48.13798,0
11.56789,48.14051,4
11.561068,48.141132,6
11.564833,48.137486,3
11.561075,48.141174,6
11.560807,48.135426,0
11.561081,48.13783,0
11.566266,48.13981,4
11.571555,48.136986,5
11.564954,48.13739,3
11.57106,48.139633,2
11.565451,48.139816,4
11.56584,48.139603,4
11.565315,48.13748,3
11.561064,48.141106,6
11.567835,48.140705,4
11.565515,48.139866,4
11.568984,48.137535,7
11.569564,48.137417,7
11.565241,48.136814,3
11.565332,48.136707,3
11.559098,48.137424,0
11.567019,48.14031,4
11.560911,48.14,6
11.572382,48.140125,2
11.561057,48.141064,6
11.56679,48.140312,4
11.561064,48.141106,6
11.565583,48.139915,4
11.566583,48.137867,1
11.565343,48.139763,4
11.571256,48.13735,5
11.571599,48.137062,5
11.565383,48.13841,3
11.563779,48.138416,3
11.564498,48.13634,3
11.565654,48.13915,4
11.559701,48.136345,0
11.566802,48.14025,4
11.566537,48.137924,1
11.565169,48.13692,3
11.56119,48.138912,6
11.566028,48.13967,4
11.565206,48.13715,3
11.563525,48.137383,3
11.564464,48.138363,3
11.573943,48.13544,5
11.562244,48.1394,6
11.568302,48.14065,2
11.566069,48.137863,1
11.561121,48.13814,0
11.564505,48.13738,3
11.567955,48.140324,4
11.57056,48.136696,5
11.565689,48.139233,4
11.565451,48.139816,4
11.574467,48.140717,2
11.561517,48.137398,0
11.568249,48.140163,2
11.565595,48.139923,4
11.565311,48.13745,3
11.56432,48.13738,3
11.565388,48.136703,3
11.566652,48.137966,1
11.571074,48.140545,2
11.561057,48.141064,6
11.564505,48.13738,3
11.56544,48.13804,3
11.565516,48.139866,4
11.567277,48.13784,1
11.567922,48.137726,7
11.56532,48.136707,3
11.566131,48.136585,1
11.565625,48.13905,4
11.559159,48.13742,0
11.573539,48.13986,2
11.561045,48.14088,6
11.561054,48.140926,6
11.565583,48.139915,4
11.566669,48.13664,1
11.565465,48.138165,3
11.561073,48.141026,6
11.560849,48.13955,6
11.572635,48.136322,5
11.565616,48.138985,4
11.563944,48.13738,3
11.565163,48.13641,3
11.572303,48.140144,2
11.561165,48.13863,0
11.558922,48.13635,0
11.568781,48.137573,7
11.565231,48.137287,3
11.565203,48.137135,3
11.562865,48.137386,0
11.560849,48.13955,6
11.57022,48.136345,7
11.566099,48.139683,4
11.565343,48.139763,4
11.566846,48.140358,4
11.567526,48.137794,1
11.565223,48.13726,3
11.565378,48.13764,3
11.56579,48.137886,3
11.566157,48.13658,1
11.566595,48.137627,1
11.564455,48.13738,3
11.561057,48.141064,6
11.561327,48.137398,0
11.564505,48.13738,3
11.569535,48.13993,2
11.569724,48.136227,7
11.566877,48.14025,4
11.565343,48.139763,4
11.566846,48.140358,4
11.568357,48.13765,7
11.565223,48.13726,3
11.565202,48.137127,3
11.571209,48.13714,5
11.565439,48.138035,3
11.570849,48.139095,2
11.565451,48.139816,4
11.566251,48.13993,4
11.565749,48.13789,3
11.565388,48.137722,3
11.561181,48.138805,0
11.564505,48.13738,3
11.566886,48.140255,4
11.57108,48.137054,5
11.565486,48.13827,3
11.570772,48.138958,2
11.565451,48.139816,4
11.566437,48.140076,4
11.565963,48.137875,1
11.572519,48.140087,2
11.561057,48.141064,6
11.561072,48.141026,6
11.568686,48.13759,7
11.563645,48.13738,3
11.569129,48.14091,2
11.569053,48.137524,7
11.559794,48.139194,6
11.564018,48.13738,3
11.564505,48.13738,3
11.571068,48.13963,2
11.568519,48.136265,7
11.568166,48.140194,4
11.565343,48.139763,4
11.566588,48.140533,4
11.569766,48.13737,7
11.566084,48.13967,4
11.571509,48.137173,5
11.565278,48.13753,3
11.571039,48.13943,2
11.565451,48.139816,4
11.56594,48.13969,4
11.565388,48.137726,3
11.565223,48.13726,3
11.565565,48.13669,3
11.573498,48.13985,2
11.566105,48.137863,1
11.565264,48.136726,3
11.565364,48.137524,3
11.565223,48.13726,3
11.565866,48.136604,1
11.573498,48.13985,2
11.56107,48.141018,6
11.568871,48.139526,2
11.566305,48.140392,4
11.566399,48.1379,1
11.567072,48.137875,1
11.56532,48.136707,3
11.566652,48.136726,1
11.561057,48.141064,6
11.560862,48.139637,6
11.571675,48.13701,5
11.565275,48.1375,3
11.561309,48.137398,0
11.565441,48.135536,1
11.568953,48.14086,2
11.567436,48.13781,1
11.561087,48.1374,0
11.564505,48.13738,3
11.569322,48.13997,2
11.569899,48.136173,7
11.566638,48.140095,4
11.565343,48.139763,4
11.566846,48.140358,4
11.568156,48.137684,7
11.570376,48.137432,5
11.571,48.137398,5
11.565275,48.13751,3
11.565193,48.137074,3
11.561638,48.137398,0
11.568368,48.140133,2
11.566852,48.140366,4
11.569052,48.137524,7
11.565279,48.13738,3
11.565214,48.137203,3
11.563413,48.137383,3
11.560849,48.13955,6
11.560855,48.13959,6
11.565488,48.139843,4
11.565188,48.13704,3
11.564404,48.13738,3
11.565343,48.139763,4
11.57176,48.136955,5
11.572116,48.136684,5
11.56536,48.13924,4
11.565553,48.138847,4
11.5641,48.13738,3
11.572188,48.13663,5
11.565261,48.139282,4
11.560933,48.1374,0
11.570671,48.14061,2
11.560849,48.13955,6
11.560968,48.13634,0
11.564214,48.13738,3
11.565515,48.13913,4
11.565552,48.13861,4
11.561053,48.140923,6
11.560928,48.139412,6
11.572928,48.13612,5
11.565822,48.13942,4
11.564493,48.13738,3
11.561057,48.141064,6
11.566338,48.14,4
11.561064,48.141106,6
11.565583,48.139915,4
11.566683,48.13805,1
11.565343,48.139763,4
11.570828,48.13742,5
11.571362,48.13726,5
11.565287,48.137917,3
11.565271,48.13747,3
11.565202,48.137127,3
11.561724,48.137394,0
11.56085,48.13955,6
11.560857,48.139603,6
11.565488,48.139843,4
11.56518,48.13699,3
11.564404,48.13738,3
11.571239,48.137157,5
11.562642,48.14061,6
11.561361,48.13942,6
11.565309,48.13581,3
11.571563,48.140415,2
11.561145,48.139267,6
11.5599,48.136345,0
11.56528,48.137547,3
11.566505,48.140125,4
11.565388,48.137722,3
11.565202,48.136856,3
11.561111,48.138058,0
11.5677,48.14046,4
11.568318,48.140144,2
11.570353,48.1365,7
11.565938,48.139545,4
11.565421,48.139793,4
11.566846,48.140358,4
11.567219,48.137848,1
11.565223,48.13726,3
11.565199,48.137104,3
11.561024,48.1374,0
11.560936,48.140156,6
11.565451,48.139816,4
11.565871,48.139637,4
11.565371,48.13758,3
11.565223,48.13726,3
11.565764,48.136646,1
11.573498,48.13985,2
11.56106,48.14096,6
11.561065,48.14104,6
11.565583,48.139915,4
11.566614,48.136936,1
11.561194,48.138958,6
11.571059,48.14055,2
11.561073,48.141163,6
11.566947,48.137897,1
11.568953,48.14086,2
11.561065,48.140987,6
11.565223,48.13726,3
11.565196,48.136814,3
11.560931,48.1374,0
11.561033,48.14067,6
11.561042,48.140842,6
11.565583,48.139915,4
11.565818,48.136612,1
11.564404,48.13738,3
11.571275,48.13766,5
11.564132,48.140137,4
11.568966,48.139713,2
11.566575,48.140533,4
11.566072,48.137863,1
11.566754,48.13793,1
11.565321,48.136707,3
11.566613,48.13695,1
11.561821,48.137394,0
11.569805,48.136204,7
11.572015,48.136883,5
11.567919,48.14035,4
11.565223,48.13726,3
11.561071,48.14115,6
11.561183,48.139206,6
11.565579,48.139034,4
11.561068,48.141132,6
11.564833,48.13749,3
11.561075,48.141174,6
11.561664,48.136337,0
11.567173,48.14035,4
11.565334,48.13816,3
11.564505,48.13738,3
11.565128,48.13747,3
11.566622,48.136887,1
11.572492,48.140095,2
11.561057,48.141064,6
11.56685,48.14037,4
11.561064,48.141106,6
11.565583,48.139915,4
11.565571,48.138977,4
11.564172,48.13738,3
11.560849,48.13955,6
11.56303,48.137383,0
11.56465,48.136864,3
11.565947,48.139557,4
11.571384,48.13687,5
11.572625,48.141327,2
11.564535,48.13738,3
11.570646,48.139717,2
11.56532,48.136707,3
11.565453,48.1367,3
11.566241,48.13979,4
11.561056,48.140827,6
11.561166,48.138638,0
11.573001,48.135567,5
11.561057,48.141064,6
11.566211,48.140266,4
11.561064,48.141106,6
11.565583,48.139915,4
11.566605,48.1373,1
11.565343,48.139763,4
11.571946,48.136875,5
11.572267,48.136578,5
11.565207,48.1393,4
11.565595,48.139103,4
11.572947,48.13611,5
11.56414,48.139343,4
11.566496,48.140034,4
11.565193,48.13742,3
11.561177,48.13922,6
11.564496,48.13738,3
11.5656,48.139927,4
11.56681,48.138317,1
11.565223,48.13726,3
11.5611,48.1374,0
11.566653,48.136726,1
11.569129,48.14091,2
11.567119,48.137867,1
11.561036,48.13749,0
11.564505,48.13738,3
11.568995,48.140026,2
11.570094,48.136173,7
11.566337,48.139866,4
11.565343,48.139763,4
11.566846,48.140358,4
11.567839,48.13774,1
11.565223,48.13726,3
11.570197,48.139805,2
11.569227,48.13613,7
11.567328,48.14037,4
11.565343,48.139763,4
11.566846,48.140358,4
11.56896,48.13754,7
11.565253,48.13734,3
11.56521,48.137177,3
11.563227,48.137383,3
11.560849,48.13955,6
11.562951,48.137386,0
11.564138,48.13839,3
11.572481,48.13704,5
11.561166,48.13864,0
11.571507,48.14044,2
11.561072,48.141155,6
11.561074,48.141037,6
11.567458,48.137806,1
11.568953,48.14086,2
11.561046,48.14088,6
11.564743,48.13646,3
11.568953,48.14086,2
11.561045,48.14088,6
11.564455,48.13738,3
11.56572,48.139473,4
11.564809,48.137383,3
11.56575,48.136646,1
11.561159,48.138557,0
11.566679,48.140167,4
11.561068,48.141132,6
11.564833,48.137486,3
11.561075,48.141174,6
11.560868,48.135956,0
11.567146,48.140377,4
11.566754,48.138138,1
11.565214,48.1372,3
11.563715,48.13738,3
11.564575,48.138355,3
11.561143,48.13838,0
11.571822,48.14029,2
11.561057,48.141068,6
11.561074,48.141045,6
11.567874,48.137733,1
11.568953,48.14086,2
11.561057,48.141064,6
11.560849,48.13955,6
11.572485,48.136425,5
11.565581,48.13875,4
11.563531,48.137383,3
11.565163,48.13641,3
11.57212,48.140194,2
11.561178,48.138775,0
11.559137,48.13635,0
11.565508,48.138386,3
11.564835,48.137383,3
11.57096,48.139652,2
11.565451,48.139816,4
11.565835,48.1396,4
11.56518,48.137417,3
11.565223,48.13726,3
11.561052,48.140915,6
11.561074,48.141045,6
11.565583,48.139915,4
11.566635,48.136818,1
11.564228,48.13738,3
11.565343,48.139763,4
11.561036,48.1374,0
11.570378,48.136013,5
11.571413,48.137203,5
11.566754,48.14018,4
11.565223,48.13726,3
11.561087,48.141235,6
11.574729,48.1353,5
11.56344,48.138447,3
11.564767,48.136475,3
11.565573,48.13871,4
11.571256,48.13735,5
11.564555,48.13738,3
11.560933,48.1374,0
11.570584,48.140625,2
11.560849,48.13955,6
11.561072,48.13634,0
11.564161,48.13738,3
11.56549,48.139015,4
11.564441,48.13738,3
11.566166,48.13658,1
11.564376,48.13738,3
11.559769,48.137417,0
11.569838,48.140747,2
11.56085,48.13955,6
11.561928,48.136337,0
11.56408,48.13738,3
11.565314,48.138058,3
11.564275,48.13738,3
11.567027,48.136536,1
11.561186,48.139194,6
11.560849,48.13955,6
11.561035,48.13747,0
11.561072,48.14116,6
11.561058,48.141068,6
11.568746,48.139282,2
11.565835,48.140106,4
11.566838,48.137917,1
11.567498,48.1378,1
11.56532,48.136707,3
11.566555,48.136562,1
11.563901,48.13738,3
11.56464,48.138348,3
11.561138,48.138317,0
11.571899,48.140255,2
11.561057,48.141064,6
11.561074,48.141045,6
11.567975,48.137714,7
11.568953,48.14086,2
11.561045,48.14088,6
11.56431,48.136326,3
11.573283,48.13587,5
11.564505,48.13738,3
11.565178,48.136974,3
11.573071,48.139942,2
11.5611,48.137978,0
11.566027,48.139626,4
11.561045,48.14088,6
11.561189,48.139183,6
11.57321,48.135925,5
11.564505,48.13738,3
11.565159,48.136856,3
11.57299,48.13996,2
11.561109,48.138046,0
11.565931,48.139538,4
11.565607,48.139935,4
11.566767,48.13818,1
11.564833,48.137486,3
11.561072,48.14116,6
11.567837,48.140705,4
11.568777,48.139343,2
11.565946,48.140194,4
11.566725,48.137936,1
11.573881,48.141,2
11.562983,48.137386,0
11.569183,48.139996,2
11.565451,48.139816,4
11.565364,48.138313,3
11.564404,48.13738,3
11.565242,48.136776,3
11.566605,48.13732,1
11.571909,48.14025,2
11.561057,48.141064,6
11.565318,48.1375,3
11.565344,48.136707,3
11.561133,48.13827,0
11.567121,48.14037,4
11.561068,48.141132,6
11.564833,48.137486,3
11.561075,48.141174,6
11.560836,48.13569,0
11.568874,48.140045,2
11.566369,48.140022,4
11.565583,48.139915,4
11.566601,48.13749,1
11.565343,48.139763,4
11.571677,48.13701,5
11.572046,48.136738,5
11.565473,48.13915,4
11.56868,48.13759,7
11.559369,48.139187,6
11.563323,48.137383,3
11.564505,48.13738,3
11.570634,48.139717,2
11.568873,48.136192,7
11.567844,48.1404,4
11.565343,48.139763,4
11.5668,48.14043,4
11.569357,48.13746,7
11.572136,48.136944,5
11.57242,48.13647,5
11.565061,48.139336,4
11.565711,48.139343,4
11.564421,48.13738,3
11.560849,48.13955,6
11.563556,48.13738,3
11.564619,48.136448,3
11.565947,48.139557,4
11.571489,48.136944,5
11.561787,48.137394,0
11.564534,48.13738,3
11.565792,48.139442,4
11.564523,48.13738,3
11.560851,48.13953,6
11.563741,48.13738,3
11.564659,48.13631,3
11.565947,48.139557,4
11.565985,48.139725,4
11.565402,48.137806,3
11.565223,48.13726,3
11.565454,48.1367,3
11.5588,48.137424,0
11.573498,48.13985,2
11.565136,48.136642,3
11.572811,48.14001,2
11.561057,48.141064,6
11.566802,48.140427,4
11.561064,48.141106,6
11.565583,48.139915,4
11.566589,48.13773,1
11.565343,48.139763,4
11.571387,48.137226,5
11.571748,48.136955,5
11.565431,48.138657,4
11.565431,48.138214,3
11.560912,48.14001,6
11.562691,48.136333,0
11.564078,48.13738,3
11.565273,48.137367,3
11.564275,48.13738,3
11.567755,48.13641,1
11.564936,48.13739,3
11.565223,48.13726,3
11.566287,48.136574,1
11.573323,48.139877,2
11.561057,48.141064,6
11.566112,48.14019,4
11.571981,48.140232,2
11.561057,48.141064,6
11.565223,48.13726,3
11.561035,48.13747,0
11.569129,48.14091,2
11.561057,48.141064,6
11.564833,48.137486,3
11.561064,48.141106,6
11.567835,48.140705,4
11.561091,48.13791,0
11.568073,48.14057,4
11.561068,48.141132,6
11.564833,48.137486,3
11.561075,48.141174,6
11.560799,48.13535,0
11.569058,48.139893,2
11.566794,48.140438,4
11.565737,48.13789,3
11.566433,48.13791,1
11.565556,48.13669,3
11.568953,48.14086,2
11.567016,48.137886,1
11.561036,48.137493,0
11.564505,48.13738,3
11.568892,48.140045,2
11.570137,48.13623,7
11.564201,48.13738,3
11.56542,48.1367,3
11.566679,48.13804,1
11.570972,48.14056,2
11.561057,48.141064,6
11.565494,48.13904,4
11.561064,48.141106,6
11.566712,48.140526,4
11.565509,48.13986,4
11.569656,48.137394,7
11.565913,48.1366,1
11.570184,48.14069,2
11.564248,48.13738,3
11.560849,48.13955,6
11.563199,48.137383,3
11.564633,48.136726,3
11.565947,48.139557,4
11.571406,48.136887,5
11.564624,48.13738,3
11.570753,48.139694,2
11.565451,48.139816,4
11.565835,48.1396,4
11.565231,48.13729,3
11.563679,48.13738,3
11.565476,48.136696,3
11.566742,48.13824,1
11.570678,48.14061,2
11.561057,48.141064,6
11.565445,48.13872,4
11.561064,48.141106,6
11.56729,48.14061,4
11.565515,48.139866,4
11.572733,48.14003,2
11.561133,48.138264,0
11.565686,48.13923,4
11.565818,48.140095,4
11.566689,48.137974,1
11.565223,48.13726,3
11.561036,48.13749,0
11.569129,48.14091,2
11.561057,48.141064,6
11.564833,48.137486,3
11.560849,48.13955,6
11.561178,48.13634,0
11.564124,48.13738,3
11.565474,48.1389,4
11.564381,48.13738,3
11.566276,48.136574,1
11.566446,48.136566,1
11.569672,48.140778,2
11.561057,48.141064,6
11.565254,48.137688,3
11.561064,48.141106,6
11.567835,48.140705,4
11.559002,48.13635,0
11.567534,48.140423,4
11.564079,48.138393,3
11.564149,48.136326,3
11.563921,48.13738,3
11.573565,48.140106,2
11.561057,48.141064,6
11.560867,48.13968,6
11.571324,48.1373,5
11.564642,48.13738,3
11.560855,48.13959,6
11.565488,48.139843,4
11.565181,48.136993,3
11.564404,48.13738,3
11.570855,48.1369,5
11.562642,48.14061,6
11.565136,48.136646,3
11.563568,48.13738,3
11.568796,48.136208,7
11.565223,48.13726,3
11.561068,48.141132,6
11.564892,48.13827,3
11.570205,48.140686,2
11.560849,48.13955,6
11.561057,48.141064,6
11.560868,48.139683,6
11.570531,48.137447,5
11.564376,48.13738,3
11.559981,48.137413,0
11.569929,48.14073,2
11.566609,48.13712,1
11.563577,48.13738,3
11.565343,48.139763,4
11.572226,48.136993,5
11.572493,48.13642,5
11.564965,48.139343,4
11.566139,48.139843,4
11.565371,48.137585,3
11.56568,48.137894,3
11.566266,48.136574,1
11.566591,48.137707,1
11.564348,48.13738,3
11.561045,48.14088,6
11.561162,48.139248,6
11.573131,48.13598,5
11.564505,48.13738,3
11.565142,48.136738,3
11.572895,48.139988,2
11.561118,48.138123,0
11.565837,48.139435,4
11.565645,48.13996,4
11.566745,48.138107,1
11.570723,48.13681,5
11.562606,48.140617,6
11.561361,48.13942,6
11.569129,48.14091,2
11.56847,48.137627,7
11.559156,48.13918,6
11.566498,48.136562,1
11.561201,48.13903,6
11.565904,48.139565,4
11.561068,48.141132,6
11.564833,48.137486,3
11.561075,48.141174,6
11.566115,48.137863,1
11.565837,48.13661,1
11.566603,48.137405,1
11.561064,48.141106,6
11.565585,48.139915,4
11.566721,48.138172,1
11.565343,48.139763,4
11.570601,48.137444,5
11.571219,48.137363,5
11.565255,48.137695,3
11.565222,48.137257,3
11.562001,48.137394,0
11.56856,48.1401,2
11.568133,48.14059,4
11.565959,48.137875,1
11.561129,48.138226,0
11.564505,48.13738,3
11.567875,48.14038,4
11.570623,48.13674,5
11.565643,48.13912,4
11.565451,48.139816,4
11.566846,48.140358,4
11.566696,48.137936,1
11.571486,48.14045,2
11.561082,48.13932,6
11.560007,48.136345,0
11.565235,48.137436,3
11.566388,48.140038,4
11.565378,48.13764,3
11.565241,48.13681,3
11.56112,48.13813,0
11.567514,48.14042,4
11.561068,48.141132,6
11.57241,48.137074,5
11.561172,48.138706,0
11.571427,48.140472,2
11.561072,48.141155,6
11.566778,48.138355,1
11.563558,48.13738,3
11.573662,48.139935,2
11.561037,48.137497,0
11.564505,48.13738,3
11.565406,48.137905,3
11.561036,48.13749,0
11.564505,48.13738,3
11.565294,48.137657,3
11.574153,48.140926,2
11.562434,48.13739,0
11.568873,48.14005,2
11.565301,48.13786,3
11.564404,48.13738,3
11.56532,48.136707,3
11.566595,48.137615,1
11.571561,48.140415,2
11.561057,48.141064,6
11.565837,48.1396,4
11.561064,48.141106,6
11.565803,48.140083,4
11.566773,48.13834,1
11.567605,48.13778,1
11.56532,48.136707,3
11.566461,48.136566,1
11.565575,48.13872,4
11.561046,48.14088,6
11.56102,48.139355,6
11.572996,48.13607,5
11.565907,48.13951,4
11.564503,48.13738,3
11.565143,48.13657,3
11.565735,48.13949,4
11.564526,48.13738,3
11.565222,48.137253,3
11.566674,48.136612,1
11.572831,48.140003,2
11.561057,48.141064,6
11.565617,48.138992,4
11.566039,48.140266,4
11.566492,48.137917,1
11.565223,48.13726,3
11.561036,48.13749,0
11.569129,48.14091,2
11.561057,48.141068,6
11.564833,48.137486,3
11.561072,48.141155,6
11.567836,48.140705,4
11.564404,48.13738,3
11.571317,48.13721,5
11.562643,48.14061,6
11.561361,48.13942,6
11.568953,48.14086,2
11.567227,48.137848,1
11.561035,48.137474,0
11.564505,48.13738,3
11.569107,48.140007,2
11.570052,48.136143,7
11.561068,48.141132,6
11.564833,48.137486,3
11.561075,48.141174,6
11.560899,48.13622,0
11.56814,48.14021,4
11.565551,48.13923,4
11.564876,48.137386,3
11.565381,48.137665,3
11.566661,48.13668,1
11.566685,48.138058,1
11.560993,48.1374,0
11.570402,48.136005,5
11.571363,48.137257,5
11.566648,48.140102,4
11.565223,48.13726,3
11.561089,48.141247,6
11.566431,48.13994,4
11.565343,48.139763,4
11.566846,48.140358,4
11.567947,48.137722,7
11.565223,48.13726,3
11.565202,48.137127,3
11.566362,48.140423,4
11.565472,48.13983,4
11.569876,48.137352,7
11.570455,48.137447,5
11.56521,48.13718,3
11.565241,48.136806,3
11.567322,48.137833,1
11.565223,48.13726,3
11.565201,48.137123,3
11.561077,48.1374,0
11.560918,48.140057,6
11.560964,48.140217,6
11.565561,48.139896,4
11.565306,48.13671,3
11.564404,48.13738,3
11.571206,48.137383,5
11.569134,48.13751,7
11.569765,48.13737,7
11.56516,48.13686,3
11.565322,48.136707,3
11.559462,48.13742,0
11.56718,48.140354,4
11.568788,48.13757,7
11.563772,48.13738,3
11.569129,48.14091,2
11.561054,48.1408,6
11.563773,48.13633,3
11.56282,48.137386,0
11.570926,48.139233,2
11.565451,48.139816,4
11.566101,48.139816,4
11.565532,48.137905,3
11.565223,48.13726,3
11.565324,48.136707,3
11.567992,48.140293,4
11.5656,48.139927,4
11.565241,48.137318,3
11.563856,48.13738,3
11.565453,48.1367,3
11.56672,48.13817,1
11.561057,48.141064,6
11.564971,48.137474,3
11.561064,48.141106,6
11.567835,48.140705,4
11.565515,48.139866,4
11.567614,48.13778,1
11.565453,48.13982,4
11.566522,48.14052,4
11.561064,48.141106,6
11.565583,48.139915,4
11.566599,48.13754,1
11.565343,48.139763,4
11.571598,48.137066,5
11.565362,48.136703,3
11.566611,48.13703,1
11.565304,48.137737,3
11.561057,48.141064,6
11.560849,48.13955,6
11.572339,48.136528,5
11.565202,48.137127,3
11.561297,48.137398,0
11.560874,48.139732,6
11.560898,48.139904,6
11.565495,48.13985,4
11.565201,48.13685,3
11.564404,48.13738,3
11.571338,48.137283,5
11.562727,48.140583,6
11.561362,48.13942,6
11.567503,48.140636,4
11.565515,48.139866,4
11.569227,48.13749,7
11.569871,48.137352,7
11.565169,48.136917,3
11.565321,48.136707,3
11.56815,48.1406,4
11.565216,48.137215,3
11.570455,48.13662,5
11.562401,48.14052,6
11.561361,48.13942,6
11.569129,48.14091,2
11.568965,48.13754,7
11.559686,48.139194,6
11.563883,48.13738,3
11.564505,48.13738,3
11.570966,48.139652,2
11.5686,48.13625,7
11.565382,48.138405,3
11.561064,48.141106,6
11.567767,48.14069,4
11.565515,48.139866,4
11.569051,48.137524,7
11.569664,48.13739,7
11.565199,48.136837,3
11.565325,48.136707,3
11.559276,48.13742,0
11.567088,48.14033,4
11.560892,48.13986,6
11.568953,48.14086,2
11.561046,48.14088,6
11.561075,48.141174,6
11.561948,48.136337,0
11.56691,48.140266,4
11.565282,48.137825,3
11.564505,48.13738,3
11.564926,48.137478,3
11.566598,48.13756,1
11.562235,48.13739,0
11.573498,48.13985,2
11.561057,48.141064,6
11.560901,48.139923,6
11.564844,48.137547,3
11.561075,48.141174,6
11.562059,48.136337,0
11.566802,48.140213,4
11.565302,48.137726,3
11.564505,48.13738,3
11.573426,48.13985,2
11.561061,48.137684,0
11.566507,48.14,4
11.5656,48.139927,4
11.565223,48.13726,3
11.561354,48.137398,0
11.56667,48.136635,1
11.569279,48.140846,2
11.561057,48.141064,6
11.565163,48.13747,3
11.564247,48.13738,3
11.560849,48.13955,6
11.560855,48.13959,6
11.565488,48.139843,4
11.565223,48.13726,3
11.564404,48.13738,3
11.561154,48.1385,0
11.572702,48.135426,5
11.564505,48.13738,3
11.565202,48.137127,3
11.573789,48.140026,2
11.561036,48.13749,0
11.567014,48.14031,4
11.5656,48.139927,4
11.565223,48.13726,3
11.562034,48.137394,0
11.567835,48.140705,4
11.565515,48.139866,4
11.567835,48.13774,1
11.56845,48.13763,7
11.56532,48.136707,3
11.565631,48.136684,3
11.569085,48.139946,2
11.566849,48.14036,4
11.565629,48.137897,3
11.566329,48.13789,1
11.565653,48.136684,1
11.566606,48.137257,1
11.565195,48.13742,3
11.561057,48.141064,6
11.56085,48.13955,6
11.572112,48.136684,5
11.566251,48.139797,4
11.565343,48.139763,4
11.566846,48.140358,4
11.567737,48.137756,1
11.565223,48.13726,3
11.565202,48.137127,3
11.561061,48.13768,0
11.564505,48.13738,3
11.56521,48.137177,3
11.574425,48.140663,2
11.561406,48.137398,0
11.56816,48.140198,4
11.566612,48.13793,1
11.567286,48.137836,1
11.56532,48.136707,3
11.566675,48.1366,1
11.565507,48.13838,3
11.561062,48.14097,6
11.561044,48.13755,0
11.568928,48.140854,2
11.561068,48.141132,6
11.564833,48.137486,3
11.561075,48.141174,6
11.568285,48.140953,2
11.568903,48.139587,2
11.566419,48.140446,4
11.566292,48.137882,1
11.566968,48.137894,1
11.562506,48.13739,0
11.560849,48.13955,6
11.560855,48.13959,6
11.565488,48.139843,4
11.565181,48.136993,3
11.564404,48.13738,3
11.565481,48.13847,3
11.563798,48.13738,3
11.560849,48.13955,6
11.562313,48.13739,0
11.564731,48.137318,3
11.565745,48.139324,4
11.572993,48.141228,2
11.564281,48.13738,3
11.570229,48.1398,2
11.565451,48.139816,4
11.573337,48.135838,5
11.564505,48.13738,3
11.565191,48.137054,3
11.573161,48.13992,2
11.56109,48.137905,0
11.566147,48.139717,4
11.56668,48.14025,4
11.561064,48.141106,6
11.565583,48.139915,4
11.566614,48.13791,1
11.565343,48.139763,4
11.571159,48.13738,5
11.57154,48.137108,5
11.565358,48.138287,3
11.565356,48.13784,3
11.562904,48.137386,0
11.565231,48.137287,3
11.565159,48.136856,3
11.561096,48.137398,0
11.568123,48.140217,4
11.560849,48.13955,6
11.561036,48.13749,0
11.560933,48.1374,0
11.561,48.140453,6
11.561028,48.140633,6
11.565583,48.139915,4
11.565671,48.13668,1
11.564404,48.13738,3
11.571241,48.13755,5
11.563807,48.14024,4
11.574141,48.135372,5
11.562008,48.139397,6
11.56912,48.14091,2
11.561045,48.14088,6
11.564137,48.136326,3
11.562089,48.137394,0
11.565157,48.136463,3
11.562879,48.137386,0
11.561085,48.141228,6
11.574952,48.135284,5
11.563607,48.13843,3
11.564636,48.136406,3
11.565608,48.138927,4
11.5599,48.136345,0
11.566563,48.140083,4
11.566319,48.13789,1
11.5652,48.13684,3
11.56257,48.13739,0
11.560926,48.140114,6
11.565543,48.139885,4
11.565248,48.13675,3
11.564404,48.13738,3
11.571247,48.137352,5
11.563001,48.14049,6
11.561379,48.139416,6
11.568953,48.14086,2
11.56681,48.13792,1
11.561047,48.137573,0
11.561165,48.13863,0
11.566539,48.140064,4
11.561068,48.141132,6
11.564833,48.137486,3
11.561075,48.141174,6
11.560876,48.136024,0
11.564505,48.13738,3
11.564982,48.137474,3
11.566601,48.13749,1
11.5624,48.13739,0
11.573498,48.13985,2
11.561057,48.141064,6
11.560885,48.13981,6
11.570256,48.137367,7
11.564376,48.13738,3
11.559353,48.13742,0
11.56705,48.13788,1
11.568953,48.14086,2
11.561068,48.141132,6
11.564833,48.137486,3
11.568635,48.140766,2
11.566281,48.137882,1
11.5611,48.137978,0
11.564505,48.13738,3
11.568115,48.14022,4
11.570448,48.13661,5
11.565223,48.13726,3
11.561068,48.141132,6
11.564712,48.138344,3
11.563404,48.13633,3
11.565947,48.139557,4
11.568301,48.14065,2
11.565216,48.137215,3
11.564503,48.13738,3
11.564918,48.137943,3
11.561083,48.137848,0
11.565255,48.136738,3
11.566603,48.137394,1
11.571818,48.140293,2
11.561057,48.141064,6
11.566146,48.13985,4
11.566586,48.1378,1
11.565343,48.139763,4
11.56019,48.13741,0
11.570022,48.140717,2
11.560849,48.13955,6
11.561712,48.136337,0
11.56408,48.13738,3
11.565361,48.138298,3
11.566846,48.140358,4
11.567425,48.137814,1
11.565223,48.13726,3
11.565202,48.137123,3
11.56114,48.137398,0
11.560903,48.139942,6
11.566846,48.140358,4
11.5668,48.137924,1
11.565223,48.13726,3
11.565156,48.13684,3
11.560932,48.1374,0
11.561016,48.140556,6
11.561046,48.140747,6
11.565583,48.139915,4
11.565742,48.136646,1
11.564404,48.13738,3
11.565515,48.139866,4
11.568601,48.137604,7
11.571264,48.137344,5
11.566418,48.139927,4
11.565223,48.13726,3
11.561092,48.141262,6
11.57444,48.135323,5
11.563163,48.13847,3
11.565012,48.136593,3
11.565507,48.138382,3
11.5604,48.13634,0
11.561045,48.14088,6
11.564249,48.136326,3
11.561759,48.137394,0
11.565162,48.13642,3
11.562515,48.13739,0
11.569398,48.136192,7
11.572344,48.137054,5
11.568189,48.140186,4
11.565223,48.13726,3
11.561068,48.141132,6
11.56443,48.138367,3
11.572393,48.14012,2
11.561159,48.138557,0
11.558813,48.13635,0
11.565581,48.138752,4
11.566307,48.140396,4
11.566283,48.137882,1
11.570298,48.14067,2
11.560849,48.13955,6
11.561389,48.136337,0
11.564085,48.13738,3
11.565432,48.13866,4
11.564304,48.13738,3
11.572315,48.137043,5
11.57257,48.136368,5
11.56486,48.139343,4
11.56589,48.13955,4
11.564632,48.13738,3
11.560862,48.1395,6
11.564505,48.13738,3
11.568436,48.14012,2
11.570304,48.136448,7
11.565978,48.139587,4
11.565393,48.13977,4
11.566846,48.140358,4
11.565962,48.139572,4
11.568609,48.14076,2
11.565216,48.137215,3
11.564505,48.13738,3
11.564884,48.137756,3
11.561066,48.137714,0
11.572693,48.14004,2
11.561057,48.141064,6
11.561059,48.140953,6
11.568897,48.13755,7
11.564062,48.13738,3
11.573304,48.140182,2
11.561057,48.141064,6
11.560867,48.13968,6
11.571515,48.137123,5
11.564937,48.13739,3
11.561002,48.1374,0
11.570939,48.140568,2
11.560852,48.139526,6
11.560646,48.13634,0
11.560852,48.13957,6
11.56108,48.13782,0
11.564505,48.13738,3
11.565203,48.137135,3
11.574326,48.140553,2
11.561221,48.137398,0
11.564668,48.137363,3
11.565674,48.139202,4
11.573082,48.141205,2
11.564243,48.13738,3
11.570124,48.13982,2
11.565451,48.139816,4
11.565653,48.139393,4
11.564477,48.13738,3
11.565221,48.13725,3
11.566664,48.136665,1
11.561058,48.14095,6
11.565077,48.136623,3
11.564661,48.136417,3
11.561047,48.13742,0
11.565163,48.13641,3
11.561548,48.137398,0
11.570003,48.136143,7
11.571819,48.13692,5
11.567692,48.14043,4
11.565399,48.13779,3
11.56601,48.13787,1
11.561361,48.13942,6
11.569129,48.14091,2
11.568786,48.13757,7
11.559476,48.139187,6
11.563518,48.137383,3
11.564505,48.13738,3
11.570746,48.139694,2
11.568777,48.13621,7
11.56793,48.140343,4
11.565343,48.139763,4
11.565213,48.13666,3
11.561089,48.137894,0
11.565163,48.13641,3
11.561057,48.141064,6
11.564876,48.137478,3
11.561115,48.13809,0
11.564505,48.13738,3
11.565202,48.137127,3
11.574117,48.140335,2
11.561035,48.137455,0
11.567547,48.140396,4
11.566341,48.13657,1
11.569776,48.14076,2
11.561057,48.141064,6
11.565267,48.137783,3
11.561064,48.141106,6
11.567835,48.140705,4
11.565515,48.139866,4
11.568494,48.137623,7
11.569045,48.137524,7
11.56532,48.136707,3
11.565583,48.139915,4
11.566131,48.136585,1
11.564404,48.13738,3
11.564583,48.14,4
11.573678,48.13557,5
11.562506,48.1394,6
11.567787,48.140476,4
11.565741,48.13789,3
11.561144,48.13839,0
11.564505,48.13738,3
11.565223,48.13726,3
11.565202,48.137127,3
11.561858,48.137394,0
11.56085,48.13955,6
11.560856,48.1396,6
11.565488,48.139843,4
11.567172,48.14038,4
11.565401,48.137802,3
11.561174,48.13872,0
11.564505,48.13738,3
11.566974,48.140293,4
11.56568,48.13986,4
11.561059,48.14108,6
11.565583,48.139915,4
11.566612,48.137005,1
11.56377,48.13738,3
11.565343,48.139763,4
11.572646,48.136314,5
11.564742,48.139347,4
11.565999,48.13965,4
11.564746,48.137383,3
11.561136,48.138298,0
11.572206,48.135284,5
11.564505,48.13738,3
11.565202,48.137127,3
11.573965,48.14018,2
11.565133,48.1355,3
11.56626,48.139805,4
11.571398,48.137238,5
11.5653,48.13771,3
11.570963,48.139297,2
11.565451,48.139816,4
11.566172,48.137867,1
11.565223,48.13726,3
11.571298,48.137318,5
11.56527,48.137802,3
11.565265,48.137356,3
11.562179,48.13739,0
11.568652,48.140083,2
11.560849,48.13955,6
11.56472,48.137383,3
11.561057,48.141064,6
11.560851,48.139557,6
11.571896,48.13685,5
11.565349,48.137833,3
11.55964,48.137417,0
11.567293,48.14037,4
11.56086,48.139626,6
11.561088,48.137886,0
11.564505,48.13738,3
11.565202,48.137127,3
11.574272,48.140495,2
11.561143,48.137398,0
11.567922,48.140347,4
11.5656,48.139927,4
11.561036,48.13749,0
11.567139,48.140347,4
11.5656,48.139927,4
11.565223,48.13726,3
11.562397,48.13739,0
11.566123,48.136585,1
11.562909,48.137386,0
11.564505,48.13738,3
11.570418,48.139763,2
11.569047,48.136154,7
11.567574,48.1404,4
11.565343,48.139763,4
11.569547,48.137417,7
11.570187,48.137333,7
11.57122,48.140522,2
11.560892,48.139442,6
11.566626,48.136868,1
11.564065,48.13738,3
11.565343,48.139763,4
11.572798,48.13621,5
11.564468,48.13935,4
11.566246,48.13984,4
11.564975,48.13739,3
11.56104,48.139343,6
11.564397,48.13738,3
11.564971,48.13577,3
11.565163,48.13641,3
11.56198,48.137394,0
11.569704,48.136234,7
11.572099,48.136925,5
11.567973,48.14031,4
11.565223,48.13726,3
11.57027,48.13738,7
11.565198,48.137104,3
11.56526,48.136734,3
11.560363,48.13741,0
11.567851,48.140396,4
11.560849,48.13955,6
11.561052,48.13761,0
11.564505,48.13738,3
11.565217,48.13722,3
11.56665,48.136566,1
11.566655,48.13797,1
11.564003,48.13738,3
11.573394,48.140156,2
11.561057,48.141064,6
11.560867,48.13968,6
11.571442,48.13718,5
11.564824,48.137383,3
11.560957,48.1374,0
11.570849,48.140583,2
11.560944,48.1394,6
11.564259,48.13738,3
11.564886,48.135906,3
11.566021,48.13962,4
11.57157,48.137127,5
11.565259,48.137455,3
11.571075,48.139496,2
11.565451,48.139816,4
11.565901,48.13966,4
11.565379,48.13765,3
11.56532,48.136707,3
11.566638,48.136803,1
11.565143,48.13932,4
11.56564,48.13923,4
11.569279,48.140846,2
11.560896,48.139893,6
11.562586,48.136333,0
11.564079,48.13738,3
11.565307,48.13744,3
11.564275,48.13738,3
11.567649,48.13643,1
11.565462,48.138374,3
11.561068,48.141132,6
11.564846,48.137558,3
11.569708,48.139896,2
11.565451,48.139816,4
11.565477,48.13892,4
11.564404,48.13738,3
11.565179,48.13698,3
11.566613,48.13696,1
11.564497,48.13738,3
11.564946,48.138096,3
11.561101,48.137985,0
11.572334,48.140137,2
11.561057,48.141064,6
11.561074,48.141045,6
11.565223,48.13726,3
11.565245,48.13676,3
11.560773,48.1374,0
11.56104,48.14085,6
11.561053,48.140923,6
11.565583,48.139915,4
11.566026,48.136593,1
11.564404,48.13738,3
11.564443,48.14004,4
11.573756,48.13552,5
11.563163,48.14044,6
11.561443,48.139416,6
11.56895,48.14086,2
11.566707,48.137936,1
11.561057,48.137653,0
11.564505,48.13738,3
11.56855,48.140102,2
11.570258,48.136395,7
11.566032,48.13963,4
11.565351,48.139763,4
11.565348,48.139763,4
11.570286,48.137386,7
11.570889,48.137413,5
11.565302,48.137424,3
11.56518,48.13699,3
11.561457,48.137398,0
11.566674,48.13802,1
11.565343,48.139763,4
11.570942,48.137405,5
11.571417,48.1372,5
11.565309,48.138035,3
11.565286,48.137592,3
11.564515,48.13738,3
11.566061,48.13659,1
11.561178,48.13877,0
11.566295,48.139877,4
11.561068,48.141132,6
11.564833,48.137486,3
11.570631,48.137444,5
11.564376,48.13738,3
11.561126,48.13819,0
11.565755,48.139336,4
11.565714,48.140015,4
11.566723,48.13804,1
11.565223,48.13726,3
11.561035,48.13748,0
11.569129,48.14091,2
11.561057,48.141064,6
11.564833,48.137486,3
11.561086,48.14123,6
11.574834,48.135292,5
11.563514,48.13844,3
11.565223,48.13726,3
11.561085,48.141224,6
11.569078,48.140903,2
11.568059,48.1377,7
11.558741,48.13917,6
11.562075,48.137394,0
11.564505,48.13738,3
11.569972,48.13985,2
11.569385,48.13619,7
11.567144,48.140347,4
11.565343,48.139763,4
11.566846,48.140358,4
11.56568,48.139217,4
11.564326,48.13738,3
11.565161,48.13643,3
11.572485,48.140095,2
11.561153,48.13849,0
11.558702,48.13635,0
11.561064,48.141106,6
11.567835,48.140705,4
11.565515,48.139866,4
11.568056,48.137703,7
11.568662,48.137592,7
11.561181,48.137398,0
11.564505,48.13738,3
11.565517,48.138428,3
11.573606,48.14107,2
11.563526,48.137383,3
11.569496,48.13994,2
11.564505,48.13738,3
11.568654,48.140083,2
11.565223,48.13726,3
11.565668,48.13668,1
11.573498,48.13985,2
11.561058,48.140945,6
11.561075,48.141045,6
11.565583,48.139915,4
11.571377,48.13724,5
11.564727,48.137383,3
11.560934,48.1374,0
11.570757,48.1406,2
11.560849,48.13955,6
11.560862,48.13634,0
11.564281,48.13738,3
11.56556,48.139248,4
11.5646,48.13738,3
11.565951,48.136597,1
11.561171,48.1387,0
11.56584,48.13944,4
11.565451,48.139816,4
11.566846,48.140358,4
11.567014,48.137886,1
11.565223,48.13726,3
11.565178,48.136974,3
11.560949,48.1374,0
11.560984,48.14035,6
11.561012,48.14053,6
11.565583,48.139915,4
11.564505,48.13738,3
11.565202,48.137127,3
11.565485,48.138268,3
11.566696,48.14052,4
11.565858,48.13788,3
11.565212,48.13719,3
11.561053,48.137623,0
11.568753,48.140793,2
11.560855,48.13959,6
11.565488,48.139843,4
11.565184,48.137012,3
11.564404,48.13738,3
11.570764,48.136837,5
11.562629,48.140614,6
11.566471,48.13997,4
11.565272,48.137478,3
11.564505,48.13738,3
11.564832,48.137478,3
11.566588,48.13776,1
11.561549,48.137398,0
11.564849,48.137573,3
11.561075,48.141174,6
11.562434,48.136333,0
11.566377,48.139896,4
11.565298,48.13741,3
11.564505,48.13738,3
11.564832,48.137478,3
11.566587,48.13779,1
11.561379,48.137398,0
11.573352,48.13987,2
11.565673,48.13942,4
11.561064,48.141106,6
11.566052,48.140278,4
11.565398,48.139774,4
11.570097,48.137318,7
11.570671,48.13744,5
11.573973,48.140972,2
11.562799,48.137386,0
11.569077,48.140015,2
11.565451,48.139816,4
11.56534,48.138195,3
11.564404,48.13738,3
11.561057,48.141064,6
11.565339,48.13819,3
11.561064,48.141106,6
11.567835,48.140705,4
11.565515,48.139866,4
11.568925,48.137547,7
11.570072,48.14071,2
11.561057,48.141064,6
11.570769,48.140594,2
11.561057,48.141064,6
11.565465,48.138832,4
11.561064,48.141106,6
11.567109,48.140587,4
11.565515,48.139866,4
11.569438,48.137444,7
11.570083,48.137318,7
11.565189,48.137043,3
11.565308,48.136707,3
11.56604,48.139767,4
11.56544,48.137886,3
11.565223,48.13726,3
11.565365,48.136703,3
11.558979,48.137424,0
11.573498,48.13985,2
11.561085,48.141224,6
11.563848,48.13841,3
11.56443,48.136326,3
11.565697,48.13925,4
11.559601,48.136345,0
11.566908,48.140297,4
11.566642,48.137947,1
11.565358,48.137844,3
11.561057,48.141064,6
11.560849,48.13955,6
11.572414,48.136475,5
11.565556,48.138626,4
11.563325,48.137383,3
11.565163,48.136406,3
11.572038,48.140217,2
11.561184,48.138847,6
11.559247,48.13635,0
11.569333,48.137466,7
11.569974,48.137337,7
11.56518,48.136986,3
11.56532,48.136707,3
11.559819,48.137417,0
11.567425,48.14038,4
11.566974,48.140327,4
11.566711,48.138,1
11.565192,48.137066,3
11.56333,48.137383,3
11.564356,48.13837,3
11.572621,48.136932,5
11.561155,48.13851,0
11.571665,48.14037,2
11.561064,48.141106,6
11.561075,48.141045,6
11.573237,48.13568,5
11.564505,48.13738,3
11.565202,48.137127,3
11.573518,48.13985,2
11.561052,48.137615,0
11.566628,48.140087,4
11.562539,48.13739,0
11.560849,48.13955,6
11.572572,48.14007,2
11.561146,48.138412,0
11.561062,48.141094,6
11.564833,48.137486,3
11.561074,48.141167,6
11.568008,48.14079,4
11.56884,48.139465,2
11.566186,48.140335,4
11.566505,48.13792,1
11.567179,48.137856,1
11.56532,48.136707,3
11.566667,48.136654,1
11.565485,48.13827,3
11.5656,48.13887,4
11.566178,48.140327,4
11.566387,48.1379,1
11.565223,48.13726,3
11.561036,48.13749,0
11.569129,48.14091,2
11.56106,48.14108,6
11.561059,48.13634,0
11.567929,48.140343,4
11.567665,48.13777,1
11.568953,48.14086,2
11.561045,48.14088,6
11.564573,48.13637,3
11.56113,48.137398,0
11.565163,48.13641,3
11.561676,48.137394,0
11.565237,48.137547,3
11.565258,48.13735,3
11.563954,48.13738,3
11.560849,48.13955,6
11.560855,48.13959,6
11.565488,48.139843,4
11.565207,48.137157,3
11.564404,48.13738,3
11.570557,48.136696,5
11.562485,48.140602,6
11.565461,48.138145,3
11.566763,48.140476,4
11.565751,48.13789,3
11.565199,48.137108,3
11.561062,48.13769,0
11.56857,48.140743,2
11.561068,48.141132,6
11.564833,48.137486,3
11.561075,48.141174,6
11.568561,48.141136,2
11.565451,48.139816,4
11.565436,48.13868,4
11.564404,48.13738,3
11.56516,48.136864,3
11.56661,48.137104,1
11.5656,48.139927,4
11.565223,48.13726,3
11.561587,48.137398,0
11.566615,48.13656,1
11.569486,48.140804,2
11.561057,48.141064,6
11.562211,48.13739,0
11.566231,48.136578,1
11.569881,48.14074,2
11.561057,48.141064,6
11.565281,48.13788,3
11.561064,48.141106,6
11.567835,48.140705,4
11.567859,48.13639,7
11.565412,48.138115,3
11.561068,48.141132,6
11.564848,48.137566,3
11.561075,48.141174,6
11.562347,48.136333,0
11.561057,48.141064,6
11.560849,48.13955,6
11.572265,48.136578,5
11.565513,48.13841,3
11.562895,48.137386,0
11.565174,48.13629,3
11.564865,48.137383,3
11.561057,48.141064,6
11.56085,48.139553,6
11.571967,48.1368,5
11.565422,48.137947,3
11.562058,48.137394,0
11.564502,48.13738,3
11.564933,48.138023,3
11.561092,48.137913,0
11.572429,48.14011,2
11.561057,48.141064,6
11.561074,48.141045,6
11.570089,48.139828,2
11.569312,48.136158,7
11.56723,48.14036,4
11.565343,48.139763,4
11.566846,48.140358,4
11.568882,48.137554,7
11.565238,48.13731,3
11.565206,48.13715,3
11.563048,48.137383,0
11.560849,48.13955,6
11.565515,48.139866,4
11.568387,48.13764,7
11.561064,48.14111,6
11.567835,48.140705,4
11.568953,48.137543,7
11.56532,48.136707,3
11.565449,48.1367,3
11.56646,48.13996,4
11.56104,48.140713,6
11.561075,48.141174,6
11.560891,48.136147,0
11.56822,48.140175,2
11.565616,48.13934,4
11.564977,48.13739,3
11.565387,48.137714,3
11.566674,48.136616,1
11.566673,48.138016,1
11.563959,48.13738,3
11.573484,48.14013,2
11.565829,48.13959,4
11.564655,48.13738,3
11.565223,48.137257,3
11.566579,48.13656,1
11.573018,48.139957,2
11.561057,48.141064,6
11.566381,48.140415,4
11.561064,48.141106,6
11.565583,48.139915,4
11.566602,48.13743,1
11.561075,48.141174,6
11.562647,48.136333,0
11.560849,48.13955,6
11.560855,48.13959,6
11.565488,48.139843,4
11.565181,48.136993,3
11.564404,48.13738,3
11.571018,48.137012,5
11.562642,48.14061,6
11.561361,48.13942,6
11.568993,48.140877,2
11.567854,48.137737,1
11.56784,48.14049,4
11.565216,48.137215,3
11.561047,48.14089,6
11.56107,48.141014,6
11.565583,48.139915,4
11.566647,48.136757,1
11.564355,48.13738,3
11.565331,48.139767,4
11.561035,48.137478,0
11.565163,48.13641,3
11.561432,48.137398,0
11.570092,48.136112,7
11.571736,48.136967,5
11.567512,48.14039,4
11.565223,48.13726,3
11.561075,48.141174,6
11.561333,48.136337,0
